percent_of_population_under_15_(2013_2017),percent_of_population_aged_15_to_64_(2013_2017),percent_of_population_65plus_(2013_2017),percent_of_population_white_(non_hispanic)_(2013_2017),percent_of_populaiton_black_(non_hispanic)_(2013_2017),percent_of_population_hispanic_or_latino_(2013_2017),percent_of_population_asian_(non_hispanic)_(2013_2017),percent_of_population_native_american_alaska_native_(non_hispanic)_(2013_2017),percent_of_population_native_hawaiian_pacific_islander_(2013_2017),percent_of_population_aged_25plus_who_have_at_least_a_high_school_diploma_(2013_2017),percent_of_population_aged_25plus_who_have_a_bachelor's_degree_or_more_(2013_2017),poverty_rate_(2013_2017),median_household_income_(2013_2017),unemployment_rate_(2013_2017),percent_of_residents_with_a_disability_(aged_18_64)_(2013_2017),percent_of_popualtion_employed_in_mining_and_natural_resources_(2013_2017),percent_of_popualtion_employed_in_construction_(2013_2017),percent_of_popualtion_employed_in_trade_transportation_and_utilities_(2013_2017),number_of_substance_use_facilities_(as_of_march_2023),number_of_mental_health_facilities_(as_of_march_2023),mdspercapita,urbanicity,social_resilience_score,economic_risk_score,social_risk_score,economic_resilience_score,prosperity_index_score,delta_death_rate,m_enforce,ad_providers_Physicians,m_providers_Physicians,PDMP_any,PDMP_strestOnly if other state has PDMP laws consistent with or similar to this state,m_disc_specifics_Risks of the use of the drug,mmps-cann_THC,mmps-cpa_Independent third parties,PDMP_regkindPhysician prescribers,PDMP_Medicaid,m_write,PDMP_regawhen_Prior to accessing the PDMP,PDMP_proactNo action specified in the law,PDMP_regkindPhysician assistants,ad_disc_specifics_Risks of the use of the drug,PDMP_regkind_Optometrists,PDMP_agency_Professional licensing authority,PDMP_strest_Must have bilateral memorandum of understanding or data sharing agreement,mmps-label_Product potency,PDMP_leowhenActive investigations,PDMP_regkindNurse Practitioners,diff_std,m_law,PDMP_regkind_Pharmacists,PDMP_drepschSchedule V,PDMP_regkind_Podiatrists,ad_write,adult_law,PDMP_regkind_Dentists,PDMP_mimm,PDMP_agencyDepartment of Health ,population
0.1028,0.8306,0.0667,0.1491,0.0661,0.1003,0.2946,0.3331,0.0109,0.8436,0.1194,0.155,65926,0.0261,0.0615,0.001,0,0.0503,0,2,0,0,5,3,2,5,4,-0.978100247,0,0,0,0,0,0,0,0,0,0,0,0,1,0,0,0,1,0,0,0,0,0,0,1,1,0,0,0,0,1,0,999
0.1847,0.7357,0.0796,0.5308,0.0032,0.0488,0.0117,0.3174,0.0021,0.926,0.1911,0.0725,88000,0.0566,0.1076,0,0,0.1337,0,0,0,0,3,2,3,2,2,0,0,0,0,0,0,0,0,0,0,0,0,0,1,0,0,0,1,0,0,0,0,0,0,1,1,0,0,0,0,1,0,226
0.1525,0.7746,0.0729,0.8527,0.0099,0.008,0.0339,0.0311,0,0.9621,0.3852,0.1128,81302,0.012,0.0704,0,0,0.1008,0,2,0,0,1,4,2,3,2,-1.334086447,0,0,0,0,0,0,0,0,0,0,0,0,1,0,0,0,1,0,0,0,0,0,0,1,1,0,0,0,0,1,0,561
0.1523,0.682,0.1657,0.769,0.0004,0.0162,0.0336,0.0475,0.002,0.9545,0.4044,0.0525,53125,0.0382,0.1073,0.0123,0.0785,0.1749,1,1,39.56,0,1,3,1,1,1,8.107480300708325,0,0,0,0,0,0,0,0,0,0,0,0,1,0,0,0,1,0,0,0,0,0,0,1,1,0,0,0,0,1,0,618
0.1623,0.6711,0.1666,0.4832,0.0346,0.0498,0.0228,0.308,0.0005,0.9056,0.2426,0.1235,54091,0.1021,0.1266,0,0.01,0.1627,0,0,0,0,2,4,5,2,3,-4.487058812,0,0,0,0,0,0,0,0,0,0,0,0,1,0,0,0,1,0,0,0,0,0,0,1,1,0,0,0,0,1,0,444
0.2452,0.6938,0.0609,0.2027,0.0078,0.0206,0.0283,0.6811,0.0007,0.8635,0.1246,0.1877,43864,0.1171,0.1057,0,0.0127,0.1523,0,0,0,0,4,4,3,3,4,101.41987829614604,0,0,0,0,0,0,0,0,0,0,0,0,1,0,0,0,1,0,0,0,0,0,0,1,1,0,0,0,0,1,0,361
0.1085,0.7959,0.0957,0.7643,0.0049,0.0631,0.075,0.0464,0,0.9653,0.3371,0.0525,64853,0.0668,0.0702,0,0.0422,0.3443,0,0,0,0,1,3,3,2,2,0,0,0,0,0,0,0,0,0,0,0,0,0,1,0,0,0,1,0,0,0,0,0,0,1,1,0,0,0,0,1,0,371
0.167,0.6364,0.1966,0.6639,0.0029,0.03,0.0346,0.1749,0,0.8812,0.2026,0.0995,52986,0.072,0.1198,0.0295,0.0273,0.1627,1,1,41.65,0,2,4,3,1,2,4.604156223836739,0,0,0,0,0,0,0,0,0,0,0,0,1,0,0,0,1,0,0,0,0,0,0,1,1,0,0,0,0,1,0,471
0.1904,0.6935,0.1161,0.4319,0.0108,0.0279,0.0588,0.3111,0.0108,0.9446,0.1973,0.0789,66875,0.0705,0.0609,0,0,0.1684,0,1,0,0,4,4,2,2,3,0,0,0,0,0,0,0,0,0,0,0,0,0,1,0,0,0,1,0,0,0,0,0,0,1,1,0,0,0,0,1,0,180
0.1554,0.6368,0.2078,0.6791,0.0084,0.0777,0.0076,0.1892,0,0.9114,0.2975,0.1889,62375,0.1175,0.2199,0,0.0117,0.0246,1,1,0,0,2,4,4,2,3,0,0,0,0,0,0,0,1,1,1,0,0,1,0,1,0,1,0,0,1,0,1,0,0,1,0,1,0,0,1,0,0,231
0.132,0.6073,0.2607,0.8594,0.0007,0.1041,0.0003,0.0113,0.0048,0.8904,0.1978,0.1134,43984,0.0392,0.1894,0.0079,0.0495,0.0673,1,0,34.12,0,1,3,2,4,2,-1.63997115,0,0,0,0,0,0,1,1,1,0,0,1,0,1,0,1,0,0,1,0,1,0,0,1,0,1,0,0,1,0,0,567
0.1752,0.5696,0.2552,0.8632,0.0123,0.0995,0,0.0154,0.0011,0.8625,0.2184,0.18,37477,0.0371,0.1885,0.0482,0.0058,0.1765,1,1,27.41,0,1,4,4,1,3,1.004883265281702,0,0,0,0,0,0,1,1,1,0,0,0,1,1,0,0,1,0,1,1,1,0,0,1,1,0,0,0,1,0,0,749
0.2525,0.6316,0.1159,0.8426,0.0029,0.1284,0.0183,0.0019,0.0005,0.9063,0.2328,0.1133,54375,0.0879,0.1323,0.1623,0,0.2001,0,1,0,0,1,2,2,2,1,10.850753313548791,0,0,0,0,0,0,1,1,1,0,0,0,1,1,0,0,1,0,1,1,1,0,0,1,1,0,0,0,1,0,0,437
0.1507,0.5947,0.2546,0.3178,0.0036,0.6412,0.0106,0.0006,0,0.7698,0.2003,0.3042,26610,0.1165,0.3055,0.1314,0,0.1555,1,1,27.86,0,3,5,3,4,4,0.5781706522160981,0,0,0,0,0,0,1,1,1,0,0,0,1,1,0,0,1,0,1,1,1,0,0,1,1,0,0,0,1,0,0,592
0.1467,0.5641,0.2891,0.8981,0.0304,0.0446,0,0.0094,0.0002,0.917,0.294,0.1794,38605,0.1078,0.1223,0.024,0.1004,0.1573,0,1,0,0,1,1,2,3,1,-1.670702177,0,0,0,0,0,0,1,1,1,0,0,0,1,1,0,0,1,0,1,1,1,0,0,1,1,0,0,0,1,0,0,551
0.1833,0.5467,0.27,0.9229,0,0.052,0,0.0039,0.0017,0.9087,0.2028,0.1934,32240,0.0358,0.1577,0.0471,0.0354,0.1441,0,0,55.9,0,3,2,3,4,3,43.70629370629371,0,0,0,0,0,0,1,1,1,0,0,0,1,1,0,0,1,0,1,1,1,0,0,1,1,0,0,0,1,0,0,368
0.118,0.5783,0.3037,0.9346,0,0.0304,0,0.014,0,0.9486,0.4094,0.1121,51250,0.0506,0.2125,0.0293,0.1355,0.1289,0,0,0,0,1,2,2,1,1,0,0,0,0,0,0,0,1,1,1,0,0,0,1,1,0,0,1,0,1,1,1,0,0,1,1,0,0,0,1,0,0,133
0.1608,0.6141,0.2251,0.8185,0.0008,0.173,0,0.0031,0,0.8779,0.1907,0.1377,45053,0.0175,0.0501,0.1736,0.0312,0.1406,0,1,0,0,1,4,2,2,2,0,0,0,0,0,0,0,1,1,1,0,0,0,1,1,0,0,1,0,1,1,1,0,0,1,1,0,0,0,1,0,0,239
0.2314,0.5706,0.198,0.8901,0.0048,0.0662,0.0014,0.002,0,0.929,0.2023,0.1069,38385,0.0413,0.1408,0.0617,0.0288,0.1911,0,0,0,0,2,3,2,2,2,0,0,0,0,0,0,0,1,1,1,0,0,0,1,1,0,0,1,0,1,1,1,0,0,1,1,0,0,0,1,0,0,284
0.0706,0.5536,0.3758,0.8449,0.0063,0.145,0,0,0,0.9663,0.425,0.082,49125,0.0211,0.1412,0,0.04,0.1118,0,0,0,0,1,3,1,1,1,0,0,0,0,0,0,0,1,1,1,0,0,0,1,1,0,0,1,0,1,1,1,0,0,1,1,0,0,0,1,0,0,142
0.1131,0.6209,0.266,0.9161,0,0.0639,0.0065,0.0032,0,0.9779,0.5449,0.0915,62800,0.0642,0.0636,0.0773,0.0867,0.1065,0,0,0,0,1,1,1,1,1,19.73636087572344,0,0,0,0,0,0,1,1,1,0,0,0,1,1,0,0,1,0,1,1,1,0,0,1,1,0,0,0,1,0,0,984
0.2082,0.5986,0.1932,0.793,0.0016,0.1774,0.0069,0.003,0,0.8909,0.204,0.1189,46955,0.0266,0.1006,0.1785,0.0291,0.2206,1,1,0,0,1,3,3,2,2,21.46972300954221,0,0,0,0,0,0,1,1,1,0,0,0,1,1,0,0,1,0,1,1,1,0,0,1,1,0,0,0,1,0,0,939
0.0851,0.7446,0.1703,0.7591,0,0.2355,0,0.0054,0,0.954,0.2845,0.038,41250,0.1028,0.0945,0,0,0.1498,0,0,0,0,1,1,2,2,1,0,0,0,0,0,0,0,1,1,1,0,0,0,1,1,0,0,1,0,1,1,1,0,0,1,1,0,0,0,1,0,0,129
0.1618,0.5801,0.2581,0.7997,0.011,0.139,0.0152,0.0038,0,0.9118,0.1981,0.1469,46977,0.0841,0.101,0.0255,0.0025,0.1697,1,1,0,0,1,3,2,2,2,-1.580632985,0,0,0,0,0,0,1,1,1,0,0,0,1,1,0,0,1,0,1,1,1,0,0,1,1,0,0,0,1,0,0,445
0.1317,0.6729,0.1954,0.5018,0.4123,0.0662,0.0083,0.0034,0.0049,0.7875,0.11,0.1566,45903,0.032,0.172,0.1327,0,0.1066,0,0,0,1,4,5,4,5,5,3.383774695250107,1,1,1,0,0,0,0,0,0,1,0,0,1,0,0,0,0,0,0,0,0,1,1,0,1,0,0,1,0,1,0,664
0.1943,0.5668,0.2389,0.2914,0.6232,0.0505,0,0,0,0.8234,0.0744,0.3981,22120,0.1894,0.2069,0,0,0.1243,0,0,0,0,4,3,4,5,4,2.091566760052153,1,1,1,0,0,0,0,0,0,1,0,0,1,0,0,0,0,0,0,0,0,1,1,0,1,0,0,1,0,1,0,686
0.2031,0.6279,0.169,0.8759,0.0678,0.0154,0,0.0049,0,0.7858,0.0822,0.1519,43884,0.0685,0.1266,0,0,0.0657,0,0,0,0,4,3,4,5,4,1.692456125049489,1,1,1,0,0,0,0,0,0,1,0,0,1,0,0,0,0,0,0,0,0,1,1,0,1,0,0,1,0,1,0,640
0.1346,0.6105,0.2549,0.4821,0.4893,0.01,0.0057,0.0048,0.0024,0.7692,0.0856,0.2568,29773,0.1853,0.2379,0,0,0.3186,0,0,0,0,5,3,5,5,5,-3.268490586,1,1,1,0,0,0,0,0,0,1,0,0,1,0,0,0,0,0,0,0,0,1,1,0,1,0,0,1,0,1,0,526
0.1234,0.6534,0.2232,0.3151,0.636,0.0425,0.0042,0,0,0.6722,0.0877,0.3138,28152,0.1165,0.2278,0.0595,0,0.0216,0,0,0,0,5,2,5,5,5,63.53240152477764,1,1,1,0,0,0,0,0,0,1,0,0,1,0,0,0,0,0,0,0,0,1,1,0,1,0,0,1,0,1,0,429
0.1961,0.6287,0.1751,0.4936,0.4951,0.0112,0,0,0,0.7794,0.0942,0.2241,37072,0.052,0.1673,0.0391,0,0.2416,0,0,0,0,4,5,4,4,5,4.733366320236087,1,1,1,0,0,0,0,0,0,1,0,0,1,0,0,0,0,0,0,0,0,1,1,0,1,0,0,1,0,1,0,496
0.1498,0.6031,0.2471,0.9307,0.0021,0.0316,0,0.0189,0.0021,0.8971,0.2268,0.1463,41335,0.1078,0.155,0.0547,0.0412,0.1636,0,0,25.87,0,3,2,4,2,3,-2.730430195,0,0,0,0,0,0,0,0,1,1,0,1,0,1,0,0,1,0,0,0,1,0,0,1,1,0,0,0,1,0,0,674
0.1717,0.6254,0.2029,0.9452,0.012,0.039,0,0.0015,0,0.9036,0.149,0.1554,39653,0.0676,0.1383,0.0044,0.0043,0.0162,0,0,38.58,1,3,4,4,1,3,0.2848910564197524,0,0,0,0,0,0,0,0,1,1,0,1,0,1,0,0,1,0,0,0,1,0,0,1,1,0,0,0,1,0,0,582
0.2159,0.6126,0.1715,0.9101,0,0.0847,0,0.0031,0,0.8787,0.2053,0.1983,42708,0.0435,0.1236,0.08,0.0317,0.3458,0,0,0,0,2,3,2,2,2,0,0,0,0,0,0,0,0,0,1,1,0,1,0,1,0,0,1,0,0,0,1,0,0,1,1,0,0,0,1,0,0,158
0.2844,0.601,0.1146,0.5167,0.001,0.4729,0,0,0,0.6954,0.1523,0.2708,32422,0.0471,0.1269,0.1765,0,0.1545,0,0,0,0,5,3,2,4,3,0,0,0,0,0,0,0,0,0,1,1,0,1,0,1,0,0,1,0,0,0,1,0,0,1,1,0,0,0,1,0,0,269
0.1498,0.6036,0.2466,0.9575,0,0.0315,0.0002,0.0041,0,0.9265,0.2617,0.2058,39497,0.0356,0.1652,0.1298,0.0318,0.1551,2,1,0,0,2,3,2,1,2,-0.492101079,0,0,0,0,0,0,0,0,1,1,0,1,0,1,0,0,1,0,0,0,1,0,0,1,1,0,0,0,1,0,0,655
0.1864,0.5729,0.2407,0.8649,0.0008,0.0418,0.0073,0.0489,0.0003,0.8945,0.1601,0.1592,38068,0.063,0.16,0.0866,0.0298,0.1948,1,0,0,0,3,3,5,3,3,1.5408723999948464,0,0,0,0,0,0,0,0,1,1,0,1,0,1,0,0,1,0,0,0,1,0,0,1,1,0,0,0,1,0,0,691
0.2326,0.5748,0.1926,0.941,0,0.0379,0,0.0047,0,0.9359,0.1635,0.1373,40564,0.0699,0.1595,0.1687,0.0145,0.1808,1,0,23.42,0,3,1,3,2,2,-1.271388778,0,0,0,0,0,0,0,0,1,1,0,1,0,1,0,0,1,0,0,0,1,0,0,1,1,0,0,0,1,0,0,842
0.1699,0.603,0.2271,0.9776,0.0012,0.0105,0.0014,0.0004,0,0.9179,0.1504,0.1244,52949,0.057,0.1216,0.0425,0.0361,0.1671,0,0,0,1,3,3,3,4,3,23.928828459305944,0,0,0,0,1,0,1,1,0,0,0,0,0,0,0,0,0,1,1,1,0,0,0,0,1,0,0,0,0,0,1,964
0.1397,0.6822,0.178,0.9279,0.0276,0.017,0.0074,0.0036,0,0.8316,0.1132,0.1883,39926,0.1806,0.2633,0.0565,0,0.2102,1,0,0,0,4,4,4,3,4,3.063451661582505,0,0,0,0,1,0,1,1,0,0,0,0,0,0,0,0,0,1,1,1,0,0,0,0,1,0,0,0,0,0,1,929
0.1452,0.5932,0.2616,0.91,0.047,0.0197,0.011,0.0031,0,0.8724,0.1374,0.149,39243,0.0852,0.2641,0,0.0098,0.0757,1,1,0,0,4,4,4,4,4,28.85425831021096,0,0,0,0,1,0,1,1,0,0,0,0,0,0,0,0,0,1,1,1,0,0,0,0,1,0,0,0,0,0,1,735
0.1727,0.6054,0.2219,0.9683,0.005,0.0081,0.0086,0,0,0.9247,0.167,0.0981,48598,0.0312,0.1137,0.0845,0.0336,0.2867,0,0,0,0,2,3,3,2,3,0.8846467364957249,0,1,1,0,1,1,0,0,1,0,1,1,1,1,1,1,1,1,0,0,1,1,1,1,0,1,1,1,1,1,0,775
0.1981,0.5528,0.2491,0.9616,0.0022,0.0214,0.0042,0.004,0,0.9078,0.1935,0.1099,46927,0.0527,0.1305,0.0815,0.0552,0.2582,0,0,0,0,2,1,3,2,2,22.416688537794776,0,1,1,0,1,1,0,0,1,0,1,1,1,1,1,1,1,1,0,0,1,1,1,1,0,1,1,1,1,1,0,985
0.1983,0.5906,0.2111,0.929,0.0072,0.0315,0.0056,0.0037,0,0.9239,0.187,0.1419,49455,0.0324,0.1303,0.1306,0.0354,0.1646,1,1,0,0,2,3,3,2,2,27.170146049885112,0,0,0,0,1,0,0,0,0,1,0,0,0,0,0,0,1,1,0,1,0,0,0,0,0,0,0,0,0,1,0,989
0.1871,0.5746,0.2383,0.9206,0.0119,0.0405,0,0.0145,0,0.9041,0.2427,0.125,41889,0.041,0.1435,0.186,0.0364,0.1231,0,0,0,0,3,3,2,5,3,1.5951479909326594,0,0,0,0,1,0,0,0,0,1,0,0,0,0,0,0,1,1,0,1,0,0,0,0,0,0,0,0,0,1,0,542
0.1669,0.5772,0.2559,0.8666,0.0026,0.0167,0,0.0614,0,0.8801,0.1828,0.1484,37927,0.0622,0.1737,0.0739,0.0225,0.1494,1,0,0,0,3,3,4,4,4,0.6453157716872795,0,0,0,0,1,0,0,0,0,1,0,0,0,0,0,0,1,1,0,1,0,0,0,0,0,0,0,0,0,1,0,659
0.1736,0.5607,0.2658,0.9067,0,0.0631,0.0149,0,0,0.9455,0.2456,0.0886,46058,0.017,0.1307,0.1151,0.0257,0.2035,0,0,0,0,2,3,3,2,2,0.4512563470262876,0,0,0,0,1,0,0,0,0,1,0,0,0,0,0,0,1,1,0,1,0,0,0,0,0,0,0,0,0,1,0,538
0.1976,0.5889,0.2135,0.8189,0.0075,0.1187,0.0075,0.0183,0.0038,0.9037,0.2875,0.1358,42976,0.0195,0.1187,0.1159,0,0.1035,0,0,0,0,1,3,3,1,1,3.224125685,0,0,0,0,1,0,0,0,0,1,0,0,0,0,0,0,1,1,0,1,0,0,0,0,0,0,0,0,0,1,0,406
0.1797,0.579,0.2413,0.9252,0,0.0627,0.0068,0,0,0.9343,0.2009,0.0857,43542,0.0466,0.0943,0.0429,0.0191,0.144,0,0,0,0,3,1,2,2,2,55.27915976,0,0,0,0,1,0,0,0,0,1,0,0,0,0,0,0,1,1,0,1,0,0,0,0,0,0,0,0,0,1,0,327
0.1639,0.5599,0.2762,0.9522,0.0042,0.0284,0,0.0066,0,0.9192,0.2617,0.1333,41362,0.0281,0.1166,0.1169,0.0048,0.211,0,0,0,0,2,3,5,3,3,1.1665842611401374,0,0,0,0,1,0,0,0,0,1,0,0,0,0,0,0,1,1,0,1,0,0,0,0,0,0,0,0,0,1,0,557
0.1872,0.6044,0.2084,0.7775,0.0131,0.1987,0.0027,0,0,0.8317,0.1823,0.111,48684,0.0159,0.1347,0.128,0.0348,0.2212,0,0,0,0,3,4,4,2,3,0.7390108224670797,0,0,0,0,1,0,0,0,0,1,0,0,0,0,0,0,1,1,0,1,0,0,0,0,0,0,0,0,0,1,0,645
0.1681,0.5541,0.2778,0.9131,0.0011,0.0402,0.0049,0.0197,0,0.9043,0.1678,0.1736,37393,0.0582,0.1813,0.0452,0.0102,0.1077,0,0,0,0,3,3,3,4,3,2.600836268892614,0,0,0,0,1,0,0,0,0,1,0,0,0,0,0,0,1,1,0,1,0,0,0,0,0,0,0,0,0,1,0,412
0.1931,0.5626,0.2442,0.931,0.0097,0.0336,0.0078,0.0034,0,0.9192,0.2244,0.0919,46681,0.0185,0.0982,0.0958,0.0291,0.2346,0,0,37.29,0,2,2,2,1,1,-1.236581079,0,0,0,0,1,0,0,0,0,1,0,0,0,0,0,0,1,1,0,1,0,0,0,0,0,0,0,0,0,1,0,545
0.161,0.5817,0.2573,0.8925,0.0303,0.0314,0.0147,0.0016,0,0.9377,0.2545,0.1033,45982,0.0164,0.1506,0.1203,0,0.1926,0,0,0,0,2,2,3,2,2,2.111718481569625,0,0,0,0,1,0,0,0,0,1,0,0,0,0,0,0,1,1,0,1,0,0,0,0,0,0,0,0,0,1,0,480
0.1789,0.596,0.2251,0.7628,0.0065,0.2081,0.0016,0.0049,0,0.883,0.2959,0.0705,47000,0.0118,0.1376,0.1099,0.014,0.2571,0,0,0,0,1,4,4,1,2,0,0,0,0,0,1,0,0,0,0,1,0,0,0,0,0,0,1,1,0,1,0,0,0,0,0,0,0,0,0,1,0,222
0.2583,0.6241,0.1176,0.6287,0.0023,0.3592,0,0.0008,0,0.8116,0.1628,0.1099,48523,0.0183,0.0707,0.4662,0,0.1496,0,0,0,0,5,4,4,2,4,-0.075730909,0,0,0,0,1,0,0,0,0,1,0,0,0,0,0,0,1,1,0,1,0,0,0,0,0,0,0,0,0,1,0,674
0.2383,0.6256,0.136,0.6856,0,0.289,0.0024,0.0193,0.0002,0.7097,0.1766,0.129,55453,0.039,0.0599,0.3963,0.0289,0.1152,0,1,0,0,3,4,4,1,3,1.8272054289104105,0,0,0,0,1,0,0,0,0,1,0,0,0,0,0,0,1,1,0,1,0,0,0,0,0,0,0,0,0,1,0,941
0.1772,0.5878,0.235,0.8989,0,0.0703,0.0167,0.0016,0,0.9342,0.2572,0.0574,56250,0.0138,0.1243,0.076,0,0.1661,0,0,0,0,2,3,3,2,2,54.02485143165856,0,0,0,0,1,0,0,0,0,1,0,0,0,0,0,0,1,1,0,1,0,0,0,0,0,0,0,0,0,1,0,337
0.1602,0.5631,0.2767,0.956,0.0013,0.0236,0.0037,0.002,0.0007,0.9442,0.1531,0.1526,37750,0.0219,0.1184,0.0308,0,0.2986,0,0,0,0,4,4,3,2,3,0.8646404299999944,0,0,0,0,1,0,0,0,0,1,0,0,0,0,0,0,1,1,0,1,0,0,0,0,0,0,0,0,0,1,0,512
0.2475,0.6125,0.14,0.6543,0.0076,0.3051,0.0043,0,0,0.7749,0.1426,0.1258,49396,0.0233,0.0903,0.193,0,0.1416,0,0,0,0,3,4,3,2,3,-0.479588554,0,0,0,0,1,0,0,0,0,1,0,0,0,0,0,0,1,1,0,1,0,0,0,0,0,0,0,0,0,1,0,871
0.1806,0.6274,0.1921,0.8976,0.0091,0.0603,0.0143,0.0016,0,0.9172,0.2733,0.1087,44896,0.0385,0.107,0.0485,0.0566,0.1764,1,2,0,0,2,2,2,2,2,1.0175010174603258,0,0,0,0,1,0,0,0,0,1,0,0,0,0,0,0,1,1,0,1,0,0,0,0,0,0,0,0,0,1,0,466
0.179,0.61,0.211,0.9366,0.0053,0.0528,0,0.0041,0,0.9308,0.2126,0.0885,58077,0.0358,0.1412,0.0788,0.0027,0.2473,1,0,0,0,2,2,4,1,2,66.48936170212765,0,0,0,0,1,0,0,0,0,1,0,0,0,0,0,0,1,1,0,1,0,0,0,0,0,0,0,0,0,1,0,375
0.1892,0.5983,0.2125,0.9499,0.0096,0.0268,0.001,0.0064,0,0.945,0.1921,0.108,49583,0.0658,0.1101,0.0083,0.0285,0.205,0,0,0,0,2,3,2,3,2,1.967234094804251,0,0,0,0,1,0,0,0,0,1,0,0,0,0,0,0,1,1,0,1,0,0,0,0,0,0,0,0,0,1,0,558
0.195,0.6025,0.2025,0.9089,0,0.0504,0.0011,0.0043,0,0.931,0.1834,0.0957,48205,0.0361,0.0655,0.0367,0.0061,0.1957,0,0,35.71,0,2,2,4,2,2,0.2957971089047788,0,0,0,0,1,0,0,0,0,1,0,0,0,0,0,0,1,1,0,1,0,0,0,0,0,0,0,0,0,1,0,618
0.2114,0.61,0.1787,0.8193,0.0067,0.1517,0.0088,0,0,0.8551,0.2199,0.1413,52960,0.024,0.0679,0.1637,0.0583,0.2642,0,0,0,0,2,3,3,2,2,25.70985820709629,0,0,0,0,1,0,0,0,0,1,0,0,0,0,0,0,1,1,0,1,0,0,0,0,0,0,0,0,0,1,0,890
0.1757,0.6508,0.1734,0.7346,0.0063,0.2143,0.0013,0.0016,0,0.8758,0.1432,0.1009,44100,0.0793,0.1552,0.0786,0,0.1651,0,0,32.97,0,3,4,5,3,4,3.472492571989939,0,0,0,0,1,0,0,0,0,1,0,0,0,0,0,0,1,1,0,1,0,0,0,0,0,0,0,0,0,1,0,577
0.1736,0.5868,0.2396,0.8786,0.0049,0.104,0.0016,0.0016,0,0.9147,0.2015,0.113,47298,0.0331,0.0847,0.1782,0.0316,0.2535,0,0,0,0,2,3,3,1,2,3.986133566826389,0,0,0,0,1,0,0,0,0,1,0,0,0,0,0,0,1,1,0,1,0,0,0,0,0,0,0,0,0,1,0,566
0.1767,0.575,0.2483,0.9552,0.008,0.0184,0.0077,0.0053,0,0.9132,0.2099,0.1742,41432,0.0376,0.1463,0.0023,0.0183,0.3028,1,1,0,0,3,2,4,2,3,1.7786626159779289,0,0,0,0,1,0,0,0,0,1,0,0,0,0,0,0,1,1,0,1,0,0,0,0,0,0,0,0,0,1,0,727
0.1658,0.5682,0.2659,0.9249,0.0023,0.0532,0.0012,0.011,0,0.9374,0.2387,0.081,49327,0.024,0.1024,0.0463,0.0647,0.2372,0,0,0,0,2,3,3,1,2,0.4017449948367968,0,0,0,0,1,0,0,0,0,1,0,0,0,0,0,0,1,1,0,1,0,0,0,0,0,0,0,0,0,1,0,501
0.1644,0.5623,0.2733,0.9637,0.0013,0.0151,0.0069,0.0013,0,0.9414,0.2098,0.1137,41489,0.0359,0.0984,0.0419,0.0433,0.2086,0,1,0,0,2,3,3,1,2,21.51675428,0,0,0,0,1,0,0,0,0,1,0,0,0,0,0,0,1,1,0,1,0,0,0,0,0,0,0,0,0,1,0,848
0.1698,0.5856,0.2446,0.945,0.0003,0.0315,0.0035,0.0038,0,0.9138,0.2373,0.0747,40395,0.0524,0.1576,0.0323,0.0427,0.1771,0,0,0,0,2,2,3,2,2,2.879475103918576,0,0,0,0,1,0,0,0,0,1,0,0,0,0,0,0,1,1,0,1,0,0,0,0,0,0,0,0,0,1,0,599
0.1927,0.5773,0.23,0.9421,0.0016,0.0404,0,0.0139,0,0.9144,0.2287,0.061,50822,0.014,0.0931,0.1198,0,0.2587,0,0,0,0,1,2,2,1,1,1.015867201094366,0,0,0,0,1,0,0,0,0,1,0,0,0,0,0,0,1,1,0,1,0,0,0,0,0,0,0,0,0,1,0,597
0.1532,0.5785,0.2683,0.9724,0.0019,0.0189,0.0019,0,0,0.9159,0.2196,0.1387,43913,0.0356,0.1181,0.0413,0.0176,0.2688,0,0,27.02,0,1,2,2,2,2,0.8509556457819549,0,0,0,0,1,0,0,0,0,1,0,0,0,0,0,0,1,1,0,1,0,0,0,0,0,0,0,0,0,1,0,685
0.1944,0.6008,0.2047,0.8389,0.0082,0.1328,0.004,0.0019,0,0.8794,0.2171,0.158,46830,0.0352,0.1272,0.1271,0.0189,0.0848,0,0,0,0,3,3,5,2,3,25.36653563844762,0,0,0,0,1,0,0,0,0,1,0,0,0,0,0,0,1,1,0,1,0,0,0,0,0,0,0,0,0,1,0,831
0.227,0.5967,0.1764,0.6217,0.0085,0.3286,0,0.0028,0,0.8106,0.2481,0.0734,44567,0.0106,0.0726,0.1186,0.0028,0.2972,0,0,47.28,0,4,5,2,2,3,0.6113964294448522,0,0,0,0,1,0,0,0,0,1,0,0,0,0,0,0,1,1,0,1,0,0,0,0,0,0,0,0,0,1,0,408
0.1561,0.602,0.2419,0.9614,0.001,0.0082,0.0048,0.0137,0,0.9422,0.2584,0.0432,54630,0.014,0.0832,0.113,0.024,0.1934,0,0,0,0,2,2,3,1,2,1.2335563584955764,0,0,0,0,1,0,0,0,0,1,0,0,0,0,0,0,1,1,0,1,0,0,0,0,0,0,0,0,0,1,0,567
0.226,0.5669,0.2071,0.9438,0,0.048,0.0006,0,0,0.8982,0.2488,0.1016,45804,0.0663,0.1366,0.1357,0,0.2473,0,0,0,0,2,3,2,2,2,65.40222367560497,0,0,0,0,1,0,0,0,0,1,0,0,0,0,0,0,1,1,0,1,0,0,0,0,0,0,0,0,0,1,0,352
0.2408,0.5618,0.1974,0.6518,0.0037,0.3307,0,0.0037,0,0.8089,0.1827,0.0599,57596,0.0258,0.0946,0.2247,0.0175,0.181,0,0,46.13,0,4,3,2,1,2,0.3861666523641887,0,0,0,0,1,0,0,0,0,1,0,0,0,0,0,0,1,1,0,1,0,0,0,0,0,0,0,0,0,1,0,419
0.1745,0.6017,0.2238,0.9344,0.0063,0.0273,0.0025,0.0038,0,0.8979,0.1373,0.2322,35321,0.0571,0.1827,0.1179,0.0055,0.1819,0,1,0,0,5,3,4,3,4,0.2382339242725812,0,0,0,0,1,0,0,0,0,1,0,0,0,0,0,0,1,1,0,1,0,0,0,0,0,0,0,0,0,1,0,666
0.1648,0.6016,0.2336,0.8742,0.0917,0.0087,0.007,0,0,0.7518,0.0878,0.1677,39756,0.0721,0.2209,0.0821,0,0.1413,0,0,0,0,4,3,4,5,4,22.842442359311296,1,1,1,1,1,1,0,0,1,1,1,0,0,1,1,1,0,1,0,1,1,1,1,1,1,1,1,1,1,0,1,941
0.1515,0.5911,0.2574,0.963,0.0151,0.0151,0,0.0014,0,0.7492,0.1695,0.244,30964,0.0582,0.1564,0,0.0112,0.0997,0,0,0,0,5,4,5,5,5,-0.103919079,1,1,1,1,1,1,0,0,1,1,1,0,0,1,1,1,0,1,0,1,1,1,1,1,1,1,1,1,1,0,1,481
0.2084,0.5907,0.2009,0.4214,0.5562,0.0173,0,0,0,0.7668,0.0908,0.3383,22385,0.1497,0.1141,0.1542,0.0067,0.2098,0,0,0,0,3,5,4,5,5,25.98561960051116,1,1,1,1,1,1,0,0,1,1,1,1,0,1,1,1,1,0,0,1,1,1,1,1,1,1,1,1,1,0,0,908
0.1481,0.5408,0.3112,0.9768,0.0064,0.0109,0.0014,0.0041,0,0.9439,0.2485,0.1701,41472,0.0664,0.1368,0.0129,0.0257,0.1663,0,0,0,0,2,2,2,2,2,3.174856909421102,0,0,0,0,0,0,1,1,0,1,0,0,1,0,0,0,1,0,0,1,0,0,0,0,1,0,0,0,0,0,0,349
0.1004,0.583,0.3166,0.9549,0.0028,0.012,0.0076,0.0099,0.0005,0.9169,0.1736,0.1523,35038,0.1196,0.1544,0.0108,0.0528,0.2773,1,1,0,0,3,3,3,2,3,1.5088930427567462,0,0,0,0,0,0,1,1,0,1,0,0,1,0,0,0,1,0,0,1,0,0,0,0,1,0,0,0,0,0,0,796
0.1714,0.5722,0.2564,0.978,0.0018,0.0126,0,0,0,0.8959,0.1658,0.1134,47132,0.0229,0.1029,0.0197,0.1059,0.1782,0,0,19.62,0,2,3,3,1,2,19.181748685987426,0,1,1,0,0,1,0,1,0,1,1,0,1,0,1,0,1,1,1,0,0,1,1,0,1,0,1,1,0,1,0,934
0.1706,0.5958,0.2335,0.9626,0.0061,0.0194,0.0038,0.002,0,0.9183,0.2067,0.1118,51484,0.0274,0.1029,0.035,0.019,0.2443,0,0,0,0,2,3,2,1,1,24.929278755674243,0,1,1,0,0,1,0,1,0,1,1,0,1,0,1,0,1,1,1,0,0,1,1,0,1,0,1,1,0,1,0,789
0.1548,0.627,0.2181,0.9398,0.001,0.0123,0.0115,0.0031,0,0.8969,0.1698,0.0812,45732,0.0389,0.1012,0.0393,0.0052,0.1651,0,0,0,0,1,2,2,1,1,0.9825289298479164,0,1,1,0,0,1,0,1,0,1,1,0,1,0,1,0,1,1,1,0,0,1,1,0,1,0,1,1,0,1,0,705
0.2113,0.6014,0.1873,0.9285,0.0049,0.0319,0.0025,0.0156,0,0.9208,0.1502,0.1042,49800,0.0397,0.0992,0,0.0433,0.2352,0,0,0,0,3,3,2,4,3,0.7634704261212377,0,1,1,0,0,1,0,1,0,1,1,0,1,0,1,0,1,1,1,0,0,1,1,0,1,0,1,1,0,1,0,902
0.1593,0.5779,0.2629,0.9099,0.0044,0.0227,0,0.0403,0,0.9075,0.1814,0.0923,50333,0.0444,0.1174,0.0907,0.0327,0.3091,0,0,0,0,3,2,3,2,3,0.3064606983691504,0,1,1,0,0,1,0,1,0,1,1,0,1,0,1,0,1,1,1,0,0,1,1,0,1,0,1,1,0,1,0,628
0.1368,0.6768,0.1864,0.392,0.6021,0.0059,0,0,0,0.6651,0.0901,0.4039,24306,0.1072,0.1804,0,0,0.0746,0,0,0,0,5,5,5,3,5,0,0,0,0,0,0,0,0,0,1,1,0,1,0,1,0,1,1,1,0,1,1,0,0,1,1,1,0,0,1,0,0,484
0.2048,0.645,0.1502,0.255,0.7357,0.0039,0.0041,0.0009,0,0.7467,0.1897,0.3145,28878,0.2316,0.2093,0.1684,0.0119,0.2001,1,1,0,0,4,5,5,4,5,26.62690162690163,0,0,0,0,0,0,0,0,1,1,0,1,0,1,0,1,1,1,0,1,1,0,0,1,1,1,0,0,1,0,0,950
0.1717,0.6035,0.2248,0.9652,0.004,0.002,0.0068,0.0093,0,0.9037,0.2009,0.139,41017,0.0455,0.1203,0.0457,0.0213,0.2424,0,0,0,0,3,2,3,3,3,24.5247779,0,0,0,0,0,0,0,0,0,0,0,0,0,0,0,0,0,0,0,0,0,0,0,0,0,0,0,0,0,0,0,887
0.1891,0.605,0.2059,0.965,0.0035,0.0098,0.0023,0,0.0068,0.8618,0.1551,0.201,38816,0.0608,0.1824,0.0323,0.0156,0.1672,0,0,0,0,4,3,5,4,4,1.4222724155755664,0,0,0,0,0,0,0,0,0,0,0,0,0,0,0,0,0,0,0,0,0,0,0,0,0,0,0,0,0,0,0,745
0.1972,0.5964,0.2064,0.9635,0.0046,0.0127,0.0051,0,0.0014,0.8883,0.1686,0.1462,41817,0.0457,0.0889,0,0.0071,0.0745,0,0,0,0,3,3,2,5,4,1.0695737225307305,0,0,0,0,0,0,0,0,0,0,0,0,0,0,0,0,0,0,0,0,0,0,0,0,0,0,0,0,0,0,0,704
0.1788,0.5901,0.2311,0.967,0.0035,0.0141,0.0057,0.0014,0,0.8846,0.1844,0.1873,38125,0.0271,0.1797,0.0252,0,0.2608,0,0,20.5,0,4,3,4,5,4,21.91340703468637,0,0,0,0,0,0,0,0,0,0,0,0,0,0,0,0,0,0,0,0,0,0,0,0,0,0,0,0,0,0,0,872
0.212,0.5983,0.1897,0.9745,0.0107,0.0034,0,0.0007,0,0.8666,0.1255,0.2208,37583,0.0596,0.1427,0,0.0458,0.2158,0,0,0,0,4,4,4,5,4,26.104025820871048,0,0,0,0,0,0,0,0,0,0,0,0,0,0,0,0,0,0,0,0,0,0,0,0,0,0,0,0,0,0,0,941
0.1655,0.5939,0.2407,0.9622,0,0.016,0,0,0,0.8913,0.1733,0.1307,44974,0.042,0.1121,0.0075,0,0.2349,0,0,0,0,3,3,3,4,4,1.380063739999997,0,0,0,0,0,0,0,0,0,0,0,0,0,0,0,0,0,0,0,0,0,0,0,0,0,0,0,0,0,0,0,407
0.1714,0.5792,0.2494,0.966,0,0.0139,0,0.0039,0,0.9201,0.1714,0.1269,46985,0.0266,0.0924,0.0059,0.0074,0.1804,0,0,77.22,0,2,3,4,2,3,0,0,0,0,0,1,0,0,0,1,1,0,1,0,0,0,1,1,0,0,0,0,0,0,0,1,1,0,0,1,1,0,255
0.1522,0.6072,0.2406,0.9687,0,0.0213,0,0.0101,0,0.9483,0.2373,0.0478,51108,0.0203,0.0446,0,0.032,0.1851,0,0,0,0,1,3,1,1,1,57.50431282346176,0,0,0,0,1,0,0,0,1,1,0,1,0,0,0,1,1,0,0,0,0,0,0,0,1,1,0,0,1,1,0,354
0.23,0.6117,0.1583,0.9447,0.013,0.0172,0.0086,0.0069,0,0.9616,0.1476,0.0694,50114,0.0289,0.0898,0.2373,0.1003,0.2194,1,0,0,0,2,2,1,1,1,-1.797966221,0,0,0,0,1,0,0,0,1,1,0,1,0,0,0,1,1,0,0,0,0,0,0,0,1,1,0,0,1,1,0,724
0.1734,0.5862,0.2403,0.9925,0,0.0075,0,0,0,0.9367,0.1464,0.0669,42614,0,0.0767,0.052,0,0.2231,0,0,0,0,1,2,4,1,1,0,0,0,0,0,1,0,0,0,1,1,0,1,0,0,0,1,1,0,0,0,0,0,0,0,1,1,0,0,1,1,0,213
0.1562,0.5986,0.2452,0.9027,0,0.0671,0,0,0,0.9337,0.2356,0.163,44000,0.0254,0.113,0.2867,0,0.0198,0,0,0,1,3,2,3,3,3,0,0,0,0,0,1,0,0,0,1,1,0,1,0,0,0,1,1,0,0,0,0,0,0,0,1,1,0,0,1,1,0,89
0.1463,0.5694,0.2842,0.9471,0.0006,0.0199,0.0006,0.0059,0,0.8948,0.2501,0.1445,48688,0.0741,0.1478,0.0709,0.0291,0.15,0,0,0,0,2,2,2,1,1,-1.130250011,0,0,0,0,1,0,0,0,1,1,0,1,0,0,0,1,1,0,0,0,0,0,0,0,1,1,0,0,1,1,0,533
0.1242,0.6391,0.2367,0.9707,0,0.0151,0,0.0111,0,0.9485,0.3134,0.1257,45347,0.0289,0.0883,0.1646,0.027,0.1533,0,0,0,0,2,3,1,2,2,-0.57935618,0,0,0,0,1,0,0,0,1,1,0,1,0,0,0,1,1,0,0,0,0,0,0,0,1,1,0,0,1,1,0,369
0.1623,0.6147,0.2229,0.9682,0,0.0074,0,0.0127,0,0.7916,0.184,0.1543,46597,0.0549,0.1019,0.117,0.0101,0.1866,0,0,0,0,2,4,4,1,2,5.728324108,0,0,0,0,1,0,0,0,1,1,0,1,0,0,0,1,1,0,0,0,0,0,0,0,1,1,0,0,1,1,0,455
0.1698,0.6019,0.2282,0.9219,0,0.0089,0.0054,0.0572,0,0.9308,0.1643,0.1086,42330,0.0094,0.0602,0.0121,0.0309,0.361,0,0,0,0,2,2,2,1,1,55.40166204986149,0,0,0,0,1,0,0,0,1,1,0,1,0,0,0,1,1,0,0,0,0,0,0,0,1,1,0,0,1,1,0,316
0.1776,0.601,0.2214,0.9587,0,0.0194,0,0.0117,0,0.9248,0.2122,0.1526,39032,0.0297,0.1303,0.1978,0,0.1293,1,0,0,0,2,1,2,1,1,51.75983436853002,0,0,0,0,1,0,0,0,1,1,0,1,0,0,0,1,1,0,0,0,0,0,0,0,1,1,0,0,1,1,0,485
0.1482,0.5847,0.2671,0.9728,0.0005,0.0133,0.0076,0.0033,0,0.8737,0.1266,0.2084,37143,0.0685,0.1747,0.0037,0.0281,0.211,2,0,0,0,2,2,3,2,2,-1.408133527,0,0,0,0,1,0,0,0,1,1,0,1,0,0,0,1,1,0,0,0,0,0,0,0,1,1,0,0,1,1,0,732
0.18,0.6082,0.2118,0.9288,0.0023,0.0266,0.014,0.0088,0,0.9021,0.1459,0.1699,41557,0.0578,0.1287,0.2803,0.045,0.1301,0,0,0,0,2,1,5,3,3,20.62486514577229,0,0,0,0,1,0,0,0,1,1,0,1,0,0,0,1,1,0,0,0,0,0,0,0,1,1,0,0,1,1,0,877
0.1213,0.6809,0.1978,1,0,0,0,0,0,0.9776,0.2129,0.1551,38250,0.0386,0.0567,0.0268,0,0,0,0,0,0,2,2,2,3,2,0,0,0,0,0,1,0,0,0,1,1,0,1,0,0,0,1,1,0,0,0,0,0,0,0,1,1,0,0,1,1,0,82
0.1872,0.6022,0.2106,0.8523,0,0.0217,0,0.0978,0,0.9125,0.1739,0.1625,38692,0.0728,0.1304,0.047,0.0272,0.2236,1,0,24.1,0,2,3,3,2,2,-0.472478148,0,0,0,0,1,0,0,0,1,1,0,1,0,0,0,1,1,0,0,0,0,0,0,0,1,1,0,0,1,1,0,737
0.1171,0.6456,0.2373,0.9442,0,0.0152,0,0.0127,0,0.9494,0.2536,0.0771,47955,0.0432,0.1247,0.0429,0,0.1756,1,1,0,0,1,3,1,1,1,56.85048322910745,0,0,0,0,1,0,0,0,1,1,0,1,0,0,0,1,1,0,0,0,0,0,0,0,1,1,0,0,1,1,0,273
0.2115,0.5297,0.2588,0.959,0,0.0149,0,0.0007,0,0.9308,0.1917,0.1832,44643,0.0689,0.1614,0.0895,0,0.078,0,0,0,0,1,3,3,1,1,0,0,0,0,0,1,0,0,0,1,1,0,1,0,0,0,1,1,0,0,0,0,0,0,0,1,1,0,0,1,1,0,235
0.1846,0.5942,0.2211,0.9147,0.0008,0.023,0.0025,0.0148,0,0.9126,0.2006,0.1101,52308,0.0263,0.1133,0.0802,0.0088,0.2444,1,1,0,0,2,3,2,1,1,0.9581162966234588,0,0,0,0,1,0,0,0,1,1,0,1,0,0,0,1,1,0,0,0,0,0,0,0,1,1,0,0,1,1,0,776
0.1863,0.5759,0.2378,0.9362,0.0019,0.0182,0.0083,0,0,0.9402,0.247,0.1184,50813,0.0044,0.1275,0.3109,0.0562,0.112,1,1,0,0,2,2,2,1,1,-0.417615627,0,0,0,0,1,0,0,0,1,1,0,1,0,0,0,1,1,0,0,0,0,0,0,0,1,1,0,0,1,1,0,618
0.1383,0.6596,0.2021,0.9149,0,0.0496,0.0142,0,0,0.9217,0.1983,0.1915,42500,0,0.1115,0.1327,0.0096,0.2166,0,0,0,0,2,4,5,2,3,0,0,0,0,0,1,0,0,0,1,1,0,1,0,0,0,1,1,0,0,0,0,0,0,0,1,1,0,0,1,1,0,106
0.2091,0.5714,0.2195,0.9497,0,0.0237,0,0.0085,0,0.7595,0.1907,0.1759,36076,0.0278,0.0931,0.1414,0.0175,0.164,1,0,47.42,0,2,4,2,2,2,0.614902783,0,0,0,0,1,0,0,0,1,1,0,1,0,0,0,1,1,0,0,0,0,0,0,0,1,1,0,0,1,1,0,465
0.1715,0.5407,0.2878,0.9851,0,0.0149,0,0,0,0.8789,0.2014,0.1316,40833,0.0274,0.1068,0.0978,0,0.1737,0,0,0,0,2,2,3,4,3,0,0,0,0,0,1,0,0,0,1,1,0,1,0,0,0,1,1,0,0,0,0,0,0,0,1,1,0,0,1,1,0,192
0.2746,0.5195,0.2059,0.9748,0,0,0,0,0,0.95,0.2679,0.0801,40375,0.0368,0.0526,0,0,0,0,0,0,0,2,3,2,2,2,0,0,0,0,0,0,0,0,0,0,0,0,0,1,0,0,0,0,0,0,0,0,0,0,0,0,0,0,0,0,0,1,63
0.1942,0.6444,0.1614,0.8689,0.0126,0.0971,0.0025,0,0,0.9596,0.1705,0.1198,50833,0.0734,0.1437,0.1158,0,0,0,0,0,0,2,3,2,3,2,0,0,0,0,0,0,0,0,0,0,0,0,0,1,0,0,0,0,0,0,0,0,0,0,0,0,0,0,0,0,0,1,152
0.1914,0.6224,0.1862,0.9862,0,0,0.0052,0,0.0086,0.9872,0.2506,0.1621,50350,0.01,0.0488,0,0,0.0403,0,0,0,0,1,3,2,2,1,0,0,0,0,0,0,0,0,0,0,0,0,0,1,0,0,0,0,0,0,0,0,0,0,0,0,0,0,0,0,0,1,91
0.1894,0.5513,0.2592,0.9596,0.008,0.0075,0.0025,0.007,0,0.9481,0.196,0.1251,42463,0.0101,0.1219,0.074,0.0072,0.1917,0,0,0,0,1,4,3,2,2,5.337189315057039,0,0,0,0,0,0,0,0,0,0,0,0,1,0,0,0,0,0,0,0,0,0,0,0,0,0,0,0,0,0,1,355
0.1724,0.5788,0.2488,0.9682,0.0003,0.0103,0.0046,0.0017,0,0.9248,0.1871,0.1732,37328,0.0037,0.0718,0.0733,0.0471,0.2726,0,0,0,0,1,3,3,2,2,3.246540871,0,0,0,0,0,0,0,0,0,0,0,0,1,0,0,0,0,0,0,0,0,0,0,0,0,0,0,0,0,0,1,589
0.2014,0.5895,0.2091,0.8481,0.0002,0.1357,0,0,0,0.8891,0.1849,0.0982,53496,0.0154,0.0875,0.1682,0.0341,0.2895,0,0,0,0,2,3,2,1,2,2.446449095793753,0,0,0,0,0,0,0,0,0,0,0,0,1,0,0,0,0,0,0,0,0,0,0,0,0,0,0,0,0,0,1,794
0.1625,0.587,0.2505,0.9161,0,0.0621,0.0016,0.0072,0,0.9091,0.1783,0.1046,51786,0.047,0.0812,0,0,0.2734,0,0,0,0,2,1,3,2,2,53.24813631522897,0,0,0,0,0,0,0,0,0,0,0,0,1,0,0,0,0,0,0,0,0,0,0,0,0,0,0,0,0,0,1,387
0.1816,0.5815,0.237,0.9292,0.0016,0.0576,0,0.0005,0,0.902,0.1953,0.0847,44583,0.0366,0.068,0.1383,0.0345,0.1585,0,0,54.85,0,1,4,3,2,2,52.63157894736842,0,0,0,0,0,0,0,0,0,0,0,0,1,0,0,0,0,0,0,0,0,0,0,0,0,0,0,0,0,0,1,427
0.1538,0.5868,0.2594,0.9652,0.0023,0.0185,0.0013,0.0013,0,0.9121,0.1876,0.1308,46531,0.0338,0.121,0.0959,0.006,0.1938,0,0,0,0,2,4,3,3,3,1.8073369848978016,0,0,0,0,0,0,0,0,0,0,0,0,1,0,0,0,0,0,0,0,0,0,0,0,0,0,0,0,0,0,1,549
0.1651,0.6102,0.2247,0.9684,0.0004,0.0108,0.0008,0.0046,0,0.9542,0.1874,0.1098,51192,0.0265,0.0985,0.0321,0.056,0.1774,0,0,0,0,2,1,2,4,2,1.3325801447396517,0,0,0,0,0,0,0,0,0,0,0,0,1,0,0,0,0,0,0,0,0,0,0,0,0,0,0,0,0,0,1,456
0.1823,0.5833,0.2344,0.9458,0.0019,0.0346,0.0014,0.0029,0,0.8825,0.1675,0.1562,40445,0.0368,0.1128,0.1088,0.0336,0.1721,0,0,0,0,2,3,3,2,2,22.345997541718805,0,0,0,0,0,0,0,0,0,0,0,0,1,0,0,0,0,0,0,0,0,0,0,0,0,0,0,0,0,0,1,923
0.157,0.6041,0.2389,0.929,0.0016,0.0435,0.013,0.0026,0,0.9437,0.2192,0.1161,49805,0.0231,0.094,0.1048,0,0.26,0,0,0,0,1,2,4,2,2,57.93742757821553,0,0,0,0,0,0,0,0,0,0,0,0,1,0,0,0,0,0,0,0,0,0,0,0,0,0,0,0,0,0,1,386
0.1667,0.5645,0.2688,0.969,0.0015,0.0208,0,0,0,0.9426,0.185,0.0728,45227,0.0296,0.0882,0.0459,0.0262,0.3067,0,0,0,0,2,3,3,2,2,52.93806246691371,0,0,0,0,0,0,0,0,0,0,0,0,1,0,0,0,0,0,0,0,0,0,0,0,0,0,0,0,0,0,1,342
0.174,0.6257,0.2003,0.9818,0,0.0056,0.004,0.0051,0,0.931,0.2091,0.0578,60711,0.0457,0.1215,0.0799,0.0188,0.168,0,0,0,0,2,2,2,1,1,4.636422112,0,0,0,0,0,0,0,0,0,0,0,0,1,0,0,0,0,0,0,0,0,0,0,0,0,0,0,0,0,0,1,374
0.1623,0.5641,0.2736,0.9691,0,0.0309,0,0,0,0.9739,0.2196,0.1659,45625,0.0489,0.0704,0.3743,0.0363,0.1773,0,0,0,0,2,3,2,1,2,0,0,0,0,0,0,0,0,0,0,0,0,0,1,0,0,0,0,0,0,0,0,0,0,0,0,0,0,0,0,0,1,132
0.1957,0.566,0.2383,0.9628,0.0053,0.0196,0.0037,0,0,0.932,0.166,0.0874,48220,0.016,0.0991,0.1086,0.0389,0.2387,0,0,0,0,3,2,2,2,2,4.198977769911856,0,0,0,0,0,0,0,0,0,0,0,0,1,0,0,0,0,0,0,0,0,0,0,0,0,0,0,0,0,0,1,454
0.1856,0.5613,0.2531,0.9336,0.0055,0.0433,0.0017,0.0014,0.0003,0.9142,0.1647,0.1588,44630,0.0187,0.1199,0.0587,0.0296,0.2072,0,0,0,0,2,3,4,3,3,2.2344985031552227,0,0,0,0,0,0,0,0,0,0,0,0,1,0,0,0,0,0,0,0,0,0,0,0,0,0,0,0,0,0,1,631
0.155,0.6377,0.2073,0.9408,0,0.0573,0,0,0,0.9077,0.2058,0.079,44602,0.0172,0.1087,0.3022,0.0109,0.1243,0,0,0,0,3,3,4,3,3,0,0,0,0,0,0,0,0,0,0,0,0,0,1,0,0,0,0,0,0,0,0,0,0,0,0,0,0,0,0,0,1,228
0.1832,0.5785,0.2383,0.9874,0.0014,0.0084,0,0.0017,0,0.9177,0.1473,0.1618,41131,0.0279,0.1611,0.0866,0.0341,0.2257,0,0,0,0,3,2,3,4,3,3.1309783776755964,0,0,0,0,0,0,0,0,0,0,0,0,1,0,0,0,0,0,0,0,0,0,0,0,0,0,0,0,0,0,1,570
0.1166,0.5097,0.3737,0.9432,0.009,0.0433,0,0.0045,0,0.9409,0.2366,0.1622,38616,0.0188,0.1787,0.0368,0.0038,0.1115,0,0,0,0,1,4,3,2,2,0,0,0,0,0,0,0,0,0,0,0,0,0,1,0,0,0,0,0,0,0,0,0,0,0,0,0,0,0,0,0,1,92
0.1467,0.606,0.2473,0.9769,0.0014,0.0109,0.0041,0,0,0.9326,0.1876,0.1048,43333,0.007,0.0665,0.2291,0,0.1243,0,0,0,0,3,2,3,4,3,0,0,0,0,0,0,0,0,0,0,0,0,0,1,0,0,0,0,0,0,0,0,0,0,0,0,0,0,0,0,0,1,146
0.1856,0.5575,0.2569,0.8923,0.0003,0.0795,0.0062,0.0016,0,0.8844,0.1561,0.1033,40344,0.0545,0.0841,0.0679,0.032,0.1616,0,1,0,0,3,2,4,2,3,0.9771733067221468,0,0,0,0,0,0,0,0,0,0,0,0,1,0,0,0,0,0,0,0,0,0,0,0,0,0,0,0,0,0,1,771
0.2277,0.5759,0.1964,0.9663,0.0024,0.0193,0,0.0024,0,0.9053,0.2077,0.1183,51346,0.0092,0.1163,0.1574,0,0.1626,0,0,0,0,3,3,2,2,2,0,0,0,0,0,0,0,0,0,0,0,0,0,1,0,0,0,0,0,0,0,0,0,0,0,0,0,0,0,0,0,1,182
0.1587,0.5959,0.2454,0.9797,0,0,0,0.0055,0,0.9726,0.2189,0.0996,56750,0.0034,0.0559,0.0896,0,0.1547,0,0,0,0,2,2,2,3,2,0,0,0,0,0,0,0,0,0,0,0,0,0,1,0,0,0,0,0,0,0,0,0,0,0,0,0,0,0,0,0,1,98
0.1906,0.6188,0.1906,0.9718,0,0.0094,0,0,0,0.9348,0.2453,0.1835,53750,0,0.0956,0,0,0.2045,0,0,0,0,3,3,2,4,3,0,0,0,0,0,0,0,0,0,0,0,0,0,1,0,0,0,0,0,0,0,0,0,0,0,0,0,0,0,0,0,1,69
0.183,0.6119,0.2052,0.9739,0.0008,0.0244,0.0003,0,0.0006,0.9074,0.1734,0.1242,42429,0.0324,0.1143,0.1454,0,0.1761,0,0,0,0,4,3,2,1,2,1.7833590188842194,0,0,0,0,0,0,0,0,0,0,0,0,1,0,0,0,0,0,0,0,0,0,0,0,0,0,0,0,0,0,1,748
0.168,0.5701,0.2619,0.9552,0.0009,0.0269,0.0062,0,0,0.9334,0.1661,0.1277,41576,0.0287,0.1184,0.0036,0.022,0.2212,0,0,0,0,2,2,3,1,2,25.50690730837789,0,0,0,0,0,0,0,0,0,0,0,0,1,0,0,0,0,0,0,0,0,0,0,0,0,0,0,0,0,0,1,795
0.1692,0.5692,0.2616,0.9555,0,0.0186,0,0.0022,0,0.9071,0.1617,0.2025,40139,0.0304,0.0892,0,0,0.1026,0,0,0,0,2,3,4,3,3,1.8958086685343216,0,0,0,0,0,0,0,0,0,0,0,0,1,0,0,0,0,0,0,0,0,0,0,0,0,0,0,0,0,0,1,472
0.1948,0.5885,0.2168,0.9564,0.0017,0.0374,0,0,0,0.8914,0.2312,0.0676,56797,0.0187,0.0775,0.0837,0.0919,0.2805,0,0,0,0,2,2,4,1,1,0.5515577609872437,0,0,0,0,0,0,0,0,0,0,0,0,1,0,0,0,0,0,0,0,0,0,0,0,0,0,0,0,0,0,1,676
0.1393,0.602,0.2587,0.9574,0.0028,0.0071,0.0021,0,0,0.9245,0.1748,0.1042,48750,0.0163,0.075,0.052,0,0.2629,0,0,0,0,2,3,3,1,2,0,0,0,0,0,0,0,0,0,0,0,0,0,1,0,0,0,0,0,0,0,0,0,0,0,0,0,0,0,0,0,1,233
0.1805,0.5748,0.2447,0.8254,0.0049,0.0434,0.0068,0.077,0.0006,0.8981,0.2505,0.1681,42802,0.021,0.0725,0.1102,0.01,0.2404,1,0,0,0,2,4,2,3,3,19.819929589035528,0,0,0,0,0,0,0,0,0,0,0,0,1,0,0,0,0,0,0,0,0,0,0,0,0,0,0,0,0,0,1,993
0.1806,0.5583,0.2612,0.9693,0.0074,0.0191,0.0029,0.0006,0,0.9252,0.1586,0.1328,46299,0.0224,0.1011,0.0399,0.0319,0.2818,0,0,0,0,4,1,3,3,3,1.1271586714267483,0,0,0,0,0,0,0,0,0,0,0,0,1,0,0,0,0,0,0,0,0,0,0,0,0,0,0,0,0,0,1,545
0.1805,0.5926,0.2268,0.9239,0.0031,0.0243,0.0024,0,0,0.9399,0.2906,0.1099,46667,0,0.0441,0.2372,0,0.0936,0,0,0,0,2,3,2,4,2,0,0,0,0,0,0,0,0,0,0,0,0,0,1,0,0,0,0,0,0,0,0,0,0,0,0,0,0,0,0,0,1,248
0.1735,0.5729,0.2535,0.9568,0.0014,0.0221,0,0.0025,0,0.9185,0.1959,0.1203,45590,0.0144,0.0953,0.0424,0.0469,0.1877,0,0,0,0,2,2,3,2,2,20.211863102555867,0,0,0,0,0,0,0,0,0,0,0,0,1,0,0,0,0,0,0,0,0,0,0,0,0,0,0,0,0,0,1,948
0.1837,0.6252,0.1911,0.96,0,0.0059,0.0207,0.0015,0,0.9336,0.2377,0.0963,54286,0.0182,0.0438,0.0816,0,0.1898,0,0,0,0,1,3,2,2,1,0,0,0,0,0,0,0,0,0,0,0,0,0,1,0,0,0,0,0,0,0,0,0,0,0,0,0,0,0,0,0,1,191
0.1844,0.5743,0.2413,0.9604,0.0028,0.0264,0,0.0019,0,0.9266,0.2063,0.1279,44657,0.0184,0.1092,0.0674,0.0563,0.2371,0,1,0,0,1,3,4,2,2,1.2228343545072846,0,0,0,0,0,0,0,0,0,0,0,0,1,0,0,0,0,0,0,0,0,0,0,0,0,0,0,0,0,0,1,851
0.1798,0.5864,0.2338,0.9241,0.0011,0.0434,0.0117,0,0,0.9188,0.2077,0.1037,40313,0.0305,0.1253,0.0949,0,0.252,0,0,27.29,0,2,3,2,3,3,1.767746630381616,0,0,0,0,0,0,0,0,0,0,0,0,1,0,0,0,0,0,0,0,0,0,0,0,0,0,0,0,0,0,1,690
0.123,0.641,0.236,0.9963,0,0,0.0012,0,0,0.9497,0.1656,0.0509,47452,0.0063,0.0896,0.5003,0.0069,0.1939,0,0,0,0,3,4,3,4,3,0,0,0,0,0,0,0,0,0,0,0,0,0,1,0,0,0,0,0,0,0,0,0,0,0,0,0,0,0,0,0,1,179
0.1768,0.5585,0.2647,0.8485,0,0.1272,0,0.015,0,0.8917,0.1682,0.1188,43125,0.1139,0.1353,0.572,0,0.0349,0,0,0,0,4,3,5,5,5,0,0,0,0,1,1,0,1,1,1,0,0,1,0,1,0,1,1,0,1,0,1,0,0,0,0,1,0,0,1,0,0,242
0.1821,0.6618,0.1561,0.9827,0.0006,0.0046,0,0.0121,0,0.9158,0.166,0.1078,70000,0.0376,0.1258,0.1883,0,0.0318,0,0,0,0,2,5,4,3,4,62.38303181534623,0,0,0,1,1,0,1,1,1,0,0,1,0,1,0,1,1,0,1,0,1,0,0,0,0,1,0,0,1,0,0,373
0.1454,0.6074,0.2472,0.5924,0.0117,0.1297,0.0332,0.1899,0,0.8655,0.1179,0.212,37750,0.1299,0.1875,0.0657,0,0.0906,0,1,0,0,4,3,5,5,5,21.807941551994286,0,0,0,1,1,0,1,1,1,0,0,1,0,1,0,1,1,0,1,0,1,0,0,0,0,1,0,0,1,0,0,895
0.0985,0.6146,0.287,0.8655,0.0041,0.0619,0.0206,0.019,0.002,0.9397,0.2313,0.0724,65508,0.0409,0.1872,0.0133,0.0948,0.5293,0,0,0,1,2,2,1,3,2,-0.664609012,0,0,0,1,1,0,1,1,1,0,0,1,0,1,0,1,1,0,1,0,1,0,0,0,0,1,0,0,1,0,0,745
0.0877,0.5689,0.3434,0.786,0.0085,0.1928,0.0034,0.0028,0,0.9226,0.2476,0.2287,38142,0.0401,0.1434,0.0381,0.0259,0.1483,0,0,0,0,3,4,2,3,3,-0.267678449,1,1,1,1,1,1,1,1,1,1,1,1,0,1,1,1,1,1,1,1,1,1,1,1,1,1,1,1,1,0,0,349
0.1032,0.6631,0.2337,0.4704,0,0.4765,0,0,0,0.8589,0.0954,0.1996,31197,0.0659,0.0938,0.0364,0.0235,0.2633,0,0,0,0,3,3,4,4,3,53.39028296849973,1,1,1,1,1,1,1,1,1,1,1,1,0,1,1,1,1,1,1,1,1,1,1,1,1,1,1,1,1,0,0,484
0.1363,0.5752,0.2885,0.577,0,0.4195,0,0,0,0.8899,0.2577,0.1434,32404,0.0596,0.1818,0.1118,0,0.0635,0,0,0,0,1,4,2,4,2,0,1,1,1,1,1,1,1,1,1,1,1,1,0,1,1,1,1,1,1,1,1,1,1,1,1,1,1,1,1,0,0,69
0.1916,0.6136,0.1949,0.4173,0.0033,0.5721,0,0.0011,0,0.7693,0.1544,0.2432,34528,0.1138,0.1488,0.0812,0,0.1735,0,2,0,0,4,4,3,4,4,25.39066162051708,1,1,1,1,1,1,1,1,1,1,1,1,0,1,1,1,1,1,1,1,1,1,1,1,1,1,1,1,1,0,0,957
0.1644,0.6281,0.2075,0.1385,0.0011,0.799,0,0.0004,0,0.8772,0.1318,0.2253,21190,0.0293,0.254,0.0687,0,0.1483,0,0,43.5,0,4,4,2,5,4,25.51039286416137,1,1,1,1,1,1,1,1,1,1,1,1,0,1,1,1,1,1,1,1,1,1,1,1,1,1,1,1,1,0,0,783
0.1258,0.6072,0.267,0.9542,0.006,0.0141,0.0006,0.0011,0.0002,0.8627,0.2162,0.1128,52708,0.0923,0.1196,0.006,0.0415,0.1413,0,0,0,0,2,3,2,2,2,18.17311390719596,0,0,0,1,1,0,1,1,0,1,0,0,0,0,0,0,0,1,1,0,0,0,0,0,1,0,0,0,0,0,1,657
0.1538,0.6453,0.2008,0.5201,0.3626,0.1027,0.0034,0.0046,0,0.73,0.0824,0.2527,32165,0.1288,0.1695,0.1303,0.04,0.1309,0,0,0,0,5,4,3,5,4,4.878802645946706,0,0,0,0,0,0,0,0,0,1,0,0,0,0,0,0,0,0,0,1,0,0,0,0,1,0,0,0,0,0,1,964
0.1627,0.6146,0.2227,0.931,0.0089,0.0085,0.0162,0.0226,0,0.9596,0.2753,0.1051,53295,0.0198,0.0513,0.0795,0.0197,0.2092,0,0,0,0,1,4,2,1,1,2.1132890469180694,0,0,0,1,0,0,0,1,0,1,0,0,0,0,0,0,1,0,1,1,0,0,0,0,1,0,0,0,0,1,0,469
0.1624,0.6656,0.172,0.9476,0.0085,0.0321,0,0.0118,0,0.901,0.2489,0.11,67969,0.0299,0.0629,0.0327,0.0173,0.1326,0,0,0,0,2,1,3,1,1,0,0,0,0,1,0,0,0,1,0,1,0,0,0,0,0,0,1,0,1,1,0,0,0,0,1,0,0,0,0,1,0,253
0.2017,0.5998,0.1986,0.9302,0.0012,0.0476,0,0.0127,0,0.8975,0.2194,0.0764,62955,0.022,0.0791,0.1028,0.0898,0.2828,0,0,0,0,2,2,3,1,1,2.185521796392706,0,0,0,1,0,0,0,1,0,1,0,0,0,0,0,0,1,0,1,1,0,0,0,0,1,0,0,0,0,1,0,700
0.2068,0.6168,0.1764,0.9352,0.0045,0.0353,0.0004,0.0152,0,0.8894,0.2087,0.1184,65521,0.0186,0.0488,0.0883,0.0583,0.3421,0,0,0,0,3,3,2,2,2,1.2719767318527389,0,0,0,1,0,0,0,1,0,1,0,0,0,0,0,0,1,0,1,1,0,0,0,0,1,0,0,0,0,1,0,526
0.1686,0.5684,0.263,0.9594,0.0013,0.0129,0.0026,0.0098,0,0.91,0.1867,0.0526,65645,0.0105,0.069,0.0149,0.0777,0.3239,0,0,0,0,2,3,2,3,3,0.9857979148985656,0,0,0,1,0,0,0,1,0,1,0,0,0,0,0,0,1,0,1,1,0,0,0,0,1,0,0,0,0,1,0,652
0.1739,0.5876,0.2385,0.9417,0.0068,0.0034,0.0148,0.0089,0,0.8821,0.2308,0.0939,62470,0.0164,0.0875,0.0897,0.0155,0.3238,0,0,0,0,3,2,4,1,2,3.3254368624483988,0,0,0,1,0,0,0,1,0,1,0,0,0,0,0,0,1,0,1,1,0,0,0,0,1,0,0,0,0,1,0,424
0.1797,0.611,0.2093,0.9017,0,0.0181,0,0.0511,0.003,0.8907,0.2215,0.1344,55489,0.0211,0.0842,0.0106,0.0171,0.1696,0,0,0,0,3,3,3,3,3,-0.141948168,0,0,0,1,0,0,0,1,0,1,0,0,0,0,0,0,1,0,1,1,0,0,0,0,1,0,0,0,0,1,0,494
0.1675,0.561,0.2715,0.9658,0,0,0.0131,0.0009,0,0.8484,0.1529,0.1195,45472,0.0338,0.0806,0.0433,0.0473,0.2392,0,0,0,0,2,2,3,2,2,0.9682573550589132,0,0,0,1,0,0,0,1,0,1,0,0,0,0,0,0,1,0,1,1,0,0,0,0,1,0,0,0,0,1,0,519
0.1758,0.6024,0.2218,0.9629,0.0006,0.0117,0.0036,0.0102,0,0.8874,0.2163,0.0935,55625,0.0118,0.0781,0,0.0383,0.2752,1,0,29.9,0,2,1,1,1,1,-0.44895868,0,0,0,1,0,0,0,1,0,1,0,0,0,0,0,0,1,0,1,1,0,0,0,0,1,0,0,0,0,1,0,672
0.2037,0.6222,0.1741,0.943,0,0.0179,0,0.0042,0,0.924,0.2231,0.095,37014,0.0039,0.0949,0.0615,0,0.3017,0,0,0,0,2,3,3,1,2,55.18763796909492,0,0,0,1,0,0,0,1,0,1,0,0,0,0,0,0,1,0,1,1,0,0,0,0,1,0,0,0,0,1,0,363
0.1423,0.5867,0.271,0.9662,0.003,0.0063,0.0017,0.0156,0,0.8866,0.1806,0.1357,45978,0.0269,0.0703,0.0306,0.0184,0.1608,0,0,0,0,1,4,4,2,2,0.3231876935871796,0,0,0,1,0,0,0,1,0,1,0,0,0,0,0,0,1,0,1,1,0,0,0,0,1,0,0,0,0,1,0,431
0.1419,0.5634,0.2947,0.9624,0.0121,0.0043,0,0.0104,0,0.8764,0.2027,0.0727,50250,0.016,0.0867,0.0257,0.0161,0.2021,0,0,0,0,1,2,2,1,1,1.331721885517453,0,0,0,1,0,0,0,1,0,1,0,0,0,0,0,0,1,0,1,1,0,0,0,0,1,0,0,0,0,1,0,427
0.1849,0.551,0.2641,0.925,0.003,0.0277,0,0.0167,0.0042,0.879,0.1379,0.0835,55230,0.0252,0.0704,0.0269,0.0422,0.2428,0,0,0,0,3,3,2,3,3,2.074884238119168,0,0,0,1,0,0,0,1,0,1,0,0,0,0,0,0,1,0,1,1,0,0,0,0,1,0,0,0,0,1,0,603
0.1538,0.6379,0.2084,0.9442,0,0.0508,0.0021,0.0012,0,0.9097,0.197,0.0703,58527,0.016,0.0772,0.1535,0.0111,0.1732,0,0,0,0,2,2,2,4,2,0.3794187408368259,0,0,0,1,0,0,0,1,0,1,0,0,0,0,0,0,1,0,1,1,0,0,0,0,1,0,0,0,0,1,0,502
0.1759,0.5799,0.2442,0.9747,0.0015,0.0088,0,0.0032,0,0.8628,0.2253,0.0959,55900,0.0176,0.0711,0.0527,0.0298,0.2948,0,0,0,0,3,3,2,3,2,-0.361406391,0,0,0,1,0,0,0,1,0,1,0,0,0,0,0,0,1,0,1,1,0,0,0,0,1,0,0,0,0,1,0,733
0.1527,0.5611,0.2862,0.9675,0.0005,0.015,0.0026,0.0036,0,0.8441,0.138,0.0699,55068,0.018,0.0651,0,0.0387,0.2747,0,0,0,0,3,2,1,2,2,55.12679162072767,0,0,0,1,0,0,0,1,0,1,0,0,0,0,0,0,1,0,1,1,0,0,0,0,1,0,0,0,0,1,0,325
0.1461,0.5331,0.3208,0.951,0.0015,0.0153,0.011,0.0011,0,0.8158,0.1828,0.0965,43650,0.0107,0.0982,0.0472,0.0185,0.2396,0,0,0,0,1,2,4,1,2,2.4044562969438203,0,0,0,1,0,0,0,1,0,1,0,0,0,0,0,0,1,0,1,1,0,0,0,0,1,0,0,0,0,1,0,432
0.1487,0.5709,0.2803,0.9617,0.0066,0.0241,0,0.0056,0,0.9165,0.1942,0.0859,51280,0.0084,0.0709,0.0712,0.0209,0.2013,0,0,0,0,2,3,2,1,2,-0.032601183,0,0,0,1,0,0,0,1,0,1,0,0,0,0,0,0,1,0,1,1,0,0,0,0,1,0,0,0,0,1,0,524
0.1821,0.595,0.2229,0.9174,0.0051,0.0158,0.0011,0.043,0,0.8791,0.1739,0.0411,66196,0.0219,0.0648,0.1384,0.108,0.3804,0,0,0,1,4,4,2,4,3,54.054054054054056,0,0,0,1,0,0,0,1,0,1,0,0,0,0,0,0,1,0,1,1,0,0,0,0,1,0,0,0,0,1,0,321
0.172,0.598,0.23,0.9659,0.0119,0.008,0,0.0087,0,0.8829,0.1401,0.1827,43086,0.0158,0.0841,0.0007,0.0108,0.2667,0,0,0,0,2,3,2,1,1,26.66187341467063,0,0,0,1,0,0,0,1,0,1,0,0,0,0,0,0,1,0,1,1,0,0,0,0,1,0,0,0,0,1,0,874
0.2208,0.6141,0.1652,0.9343,0.0066,0.0377,0.0093,0.0051,0,0.9216,0.1719,0.0672,65927,0.0093,0.0887,0.159,0.0394,0.2272,0,0,0,0,3,3,2,2,2,4.090188490481097,0,0,0,1,0,0,0,1,0,1,0,0,0,0,0,0,1,0,1,1,0,0,0,0,1,0,0,0,0,1,0,574
0.1641,0.6369,0.199,0.938,0.0167,0.0296,0.0023,0.0069,0,0.9173,0.1896,0.0579,57472,0.0088,0.0809,0.0272,0.0117,0.1163,0,0,0,0,3,2,2,3,2,0.3348990758192087,0,0,0,1,0,0,0,1,0,1,0,0,0,0,0,0,1,0,1,1,0,0,0,0,1,0,0,0,0,1,0,880
0.1448,0.6029,0.2523,0.9735,0,0.0108,0,0.0022,0,0.8686,0.1544,0.1693,48375,0.0395,0.0923,0,0.0123,0.1523,0,0,0,0,2,1,4,2,2,0,0,0,0,1,0,0,0,1,0,1,0,0,0,0,0,0,1,0,1,1,0,0,0,0,1,0,0,0,0,1,0,242
0.1789,0.585,0.2361,0.9323,0.0481,0.003,0,0,0,0.8858,0.2933,0.1008,58750,0,0.1172,0.2761,0.0224,0.2846,0,0,0,0,4,3,2,3,3,0,0,0,0,1,0,0,0,1,0,1,0,0,0,0,0,0,1,0,1,1,0,0,0,0,1,0,0,0,0,1,0,130
0.1701,0.5993,0.2306,0.9787,0,0.0213,0,0,0,0.9407,0.2316,0.0615,58603,0.0411,0.0952,0.0405,0.1536,0.2239,0,0,0,0,2,3,2,1,2,53.475935828877006,0,0,0,1,0,0,0,1,0,1,0,0,0,0,0,0,1,0,1,1,0,0,0,0,1,0,0,0,0,1,0,326
0.2042,0.5519,0.2439,0.8617,0,0.0231,0.0031,0.034,0,0.9227,0.1859,0.1406,53929,0.0515,0.0658,0.1242,0.0039,0.1987,1,0,130.89,0,2,4,2,2,2,2.032083004614023,0,0,0,1,0,0,0,1,0,1,0,0,0,0,0,0,1,0,1,1,0,0,0,0,1,0,0,0,0,1,0,444
0.1639,0.5444,0.2917,0.9773,0,0.0089,0,0.0036,0,0.8479,0.2126,0.0522,50685,0.0218,0.0874,0.0332,0.0366,0.2566,0,0,0,0,2,2,2,1,1,0.8785703570717693,0,0,0,1,0,0,0,1,0,1,0,0,0,0,0,0,1,0,1,1,0,0,0,0,1,0,0,0,0,1,0,679
0.193,0.5773,0.2296,0.7536,0.0026,0.2098,0.0026,0.0084,0,0.8448,0.1977,0.1571,44550,0.02,0.0987,0.2188,0.0051,0.1969,0,0,44.07,0,4,3,3,2,3,-0.038813103,0,0,0,1,0,0,0,0,0,0,0,0,1,0,0,0,0,1,0,1,0,0,0,0,1,0,0,0,0,1,0,513
0.202,0.5945,0.2035,0.8722,0,0.0735,0.0053,0.0073,0,0.8789,0.2187,0.1536,52222,0.0551,0.1021,0.057,0.0168,0.3523,0,0,0,0,4,4,3,2,3,1.971884865586468,0,0,0,1,0,0,0,0,0,0,0,0,1,0,0,0,0,1,0,1,0,0,0,0,1,0,0,0,0,1,0,847
0.1959,0.5913,0.2128,0.8917,0.0136,0.0449,0.0011,0.0042,0,0.9103,0.2428,0.0915,54040,0.037,0.0979,0.2621,0.1091,0.184,0,0,22.24,0,3,3,3,4,3,25.77063430899664,0,0,0,1,0,0,0,0,0,0,0,0,1,0,0,0,0,1,0,1,0,0,0,0,1,0,0,0,0,1,0,887
0.2115,0.5969,0.1916,0.5994,0.0686,0.273,0.0181,0.0071,0,0.77,0.2154,0.1602,35676,0.09,0.1703,0.0798,0,0.2268,0,0,35.55,0,3,3,5,3,4,3.8208430487248464,0,0,0,1,0,0,0,0,0,0,0,0,1,0,0,0,0,1,0,1,0,0,0,0,1,0,0,0,0,1,0,704
0.2168,0.5994,0.1838,0.8497,0.0011,0.0648,0.0003,0.0155,0,0.9189,0.2116,0.1275,48462,0.0147,0.1006,0.0923,0,0.2193,0,0,0,0,3,4,5,2,4,1.9651416242889648,0,0,0,1,0,0,0,0,0,0,0,0,1,0,0,0,0,1,0,1,0,0,0,0,1,0,0,0,0,1,0,799
0.196,0.5666,0.2373,0.8662,0.0031,0.0972,0,0.0282,0.0052,0.899,0.1705,0.112,40556,0.106,0.1685,0.0244,0.0395,0.1652,2,2,0,0,2,2,2,3,2,51.17707267144319,0,1,1,0,1,1,1,1,1,0,1,1,1,1,1,1,0,0,1,1,1,1,1,1,0,0,1,1,1,1,1,385
0.1337,0.6235,0.2428,0.8833,0.0047,0.051,0.0012,0.0246,0,0.9335,0.1697,0.1769,41389,0.072,0.1585,0.0032,0.0141,0.2968,0,0,58.65,0,2,2,2,2,2,56.05381165919282,0,1,1,0,1,1,1,1,1,0,1,1,1,1,1,1,0,0,1,1,1,1,1,1,0,0,1,1,1,1,1,339
0.084,0.5581,0.3579,0.943,0,0.019,0.0066,0.011,0,0.9161,0.1696,0.2022,33400,0.1046,0.1613,0.14,0,0.1713,1,1,0,0,1,4,2,4,2,0,0,1,1,0,1,1,1,1,1,0,1,1,1,1,1,1,0,0,1,1,1,1,1,1,0,0,1,1,1,1,1,204
0.1388,0.6235,0.2378,0.97,0.006,0.0081,0.0023,0.0015,0,0.8717,0.1558,0.1271,40347,0.0487,0.154,0.0026,0.0068,0.0757,1,0,20.8,0,3,3,3,4,4,22.71310533,0,0,0,1,0,0,1,1,0,1,0,0,1,0,0,0,0,1,1,1,0,0,0,0,1,0,0,0,0,1,1,855
0.205,0.5988,0.1962,0.8898,0.015,0.0633,0.0022,0.0238,0,0.8859,0.2063,0.0621,52620,0.0174,0.0907,0.15,0.0121,0.1687,0,0,0,0,3,1,4,3,3,1.1468732917805866,0,1,1,0,0,1,0,0,0,1,1,1,0,0,1,0,1,0,0,1,0,1,1,0,0,0,1,1,0,1,0,609
0.2903,0.5951,0.1147,0.3039,0.0099,0.0601,0,0.4929,0,0.7893,0.1779,0.3821,45820,0.1652,0.1289,0,0.1234,0.2257,1,0,29.03,0,3,5,4,2,4,0.2893396630639593,0,1,1,0,0,1,0,0,0,1,1,1,0,0,1,0,1,0,0,1,0,1,1,0,0,0,1,1,0,1,0,761
0.3255,0.5892,0.0853,0.1428,0.0039,0.0161,0,0.7895,0.0175,0.7748,0.0806,0.3918,31293,0.1445,0.1829,0,0,0,1,0,0,0,5,5,5,5,5,50.65856129685917,0,1,1,0,0,1,0,0,0,1,1,1,0,0,1,0,1,0,0,1,0,1,1,0,0,0,1,1,0,1,0,455
0.1906,0.5666,0.2428,0.9466,0,0.0019,0.0019,0.0393,0,0.905,0.238,0.076,45800,0.0094,0.0954,0.15,0,0.3753,0,0,0,0,3,2,2,2,2,0,0,1,1,0,0,1,0,0,0,1,1,1,0,0,1,0,1,0,0,1,0,1,1,0,0,0,1,1,0,1,0,245
0.1946,0.5988,0.2067,0.945,0.0135,0.017,0.0055,0.0113,0,0.8962,0.1669,0.1551,48563,0.0368,0.1528,0.0759,0.0823,0.2208,0,0,0,0,4,2,2,2,2,-1.101812634,0,1,1,0,0,1,0,0,0,1,1,1,0,0,1,0,1,0,0,1,0,1,1,0,0,0,1,1,0,1,0,770
0.2969,0.5952,0.1079,0.2993,0.0038,0.0067,0.0026,0.6739,0,0.8164,0.1635,0.4684,32115,0.2993,0.1269,0.0235,0.009,0.1555,0,0,0,0,5,5,4,5,5,1.239865610664058,0,1,1,0,0,1,0,0,0,1,1,1,0,0,1,0,1,0,0,1,0,1,1,0,0,0,1,1,0,1,0,948
0.1898,0.6011,0.2091,0.9898,0,0.007,0,0.0002,0,0.9153,0.1978,0.1058,54781,0.0206,0.1031,0.0384,0.1218,0.1838,0,0,0,0,3,1,1,2,2,23.489000293517684,0,1,1,0,0,1,0,0,0,1,1,1,0,0,1,0,1,0,0,1,0,1,1,0,0,0,1,1,0,1,0,898
0.1874,0.5674,0.2452,0.9493,0,0.0081,0.0003,0.0317,0,0.8573,0.2063,0.0727,51290,0.0026,0.0837,0.0327,0.0565,0.3228,0,0,0,0,1,2,4,2,2,1.4637075498035443,0,1,1,0,0,1,0,0,0,1,1,1,0,0,1,0,1,0,0,1,0,1,1,0,0,0,1,1,0,1,0,519
0.1928,0.606,0.2013,0.9572,0.0013,0.0107,0.0035,0.0217,0,0.8888,0.2294,0.0982,62467,0.0197,0.1077,0.0938,0.0302,0.3278,0,0,0,0,3,2,2,1,2,-0.031210986,0,1,1,0,0,1,0,0,0,1,1,1,0,0,1,0,1,0,0,1,0,1,1,0,0,0,1,1,0,1,0,810
0.1835,0.5616,0.2549,0.9405,0.0004,0.0217,0.0017,0.0336,0,0.922,0.261,0.1264,43529,0.0061,0.1291,0,0.0254,0.2075,0,0,0,0,2,4,1,2,2,3.879802535775916,0,1,1,0,0,1,0,0,0,1,1,1,0,0,1,0,1,0,0,1,0,1,1,0,0,0,1,1,0,1,0,397
0.1985,0.5608,0.2407,0.8864,0,0.014,0.004,0.0678,0,0.8821,0.1929,0.1647,40045,0.0155,0.1198,0.0573,0.0682,0.2358,0,0,0,0,2,3,4,1,2,1.261484543438538,0,1,1,0,0,1,0,0,0,1,1,1,0,0,1,0,1,0,0,1,0,1,1,0,0,0,1,1,0,1,0,831
0.1959,0.5789,0.2253,0.8881,0,0.0111,0,0.0743,0,0.9066,0.199,0.1794,39554,0.0275,0.095,0.0448,0.0091,0.2868,0,0,0,0,2,3,3,1,2,53.53319057815846,0,1,1,0,0,1,0,0,0,1,1,1,0,0,1,0,1,0,0,1,0,1,1,0,0,0,1,1,0,1,0,396
0.1776,0.5645,0.2579,0.9852,0.0003,0.0039,0.003,0,0,0.9175,0.2314,0.0607,52266,0.0189,0.074,0.1079,0.0264,0.2199,0,1,0,0,2,2,3,1,1,2.466706614158049,0,1,1,0,0,1,0,0,0,1,1,1,0,0,1,0,1,0,0,1,0,1,1,0,0,0,1,1,0,1,0,639
0.2729,0.5894,0.1378,0.9327,0.0375,0.0059,0,0.0177,0.0035,0.9217,0.2139,0.1002,60089,0.0035,0.1264,0.0599,0.1114,0.1808,0,0,0,0,3,3,1,3,2,-0.335503785,0,1,1,0,0,1,0,0,0,1,1,1,0,0,1,0,1,0,0,1,0,1,1,0,0,0,1,1,0,1,0,730
0.1566,0.6766,0.1668,0.9522,0.0063,0.0133,0.0055,0.0157,0,0.9299,0.2969,0.1315,51458,0.0135,0.0658,0.1121,0.1877,0.1558,0,0,0,0,2,2,2,2,2,0,0,1,1,0,0,1,0,0,0,1,1,1,0,0,1,0,1,0,0,1,0,1,1,0,0,0,1,1,0,1,0,309
0.166,0.6049,0.2292,0.8479,0,0.0104,0,0.0924,0,0.9301,0.2042,0.1098,55000,0.0216,0.0483,0.1243,0.0247,0.2603,0,0,0,0,3,2,3,4,3,0,0,1,1,0,0,1,0,0,0,1,1,1,0,0,1,0,1,0,0,1,0,1,1,0,0,0,1,1,0,1,0,240
0.2693,0.5878,0.1429,0.4376,0.0021,0.0165,0.0046,0.507,0,0.8736,0.1863,0.3647,41510,0.1591,0.1591,0,0.0164,0.1958,0,0,0,0,4,5,5,3,5,4.267748284791967,0,1,1,0,0,1,0,0,0,1,1,1,0,0,1,0,1,0,0,1,0,1,1,0,0,0,1,1,0,1,0,657
0.2065,0.5436,0.2499,0.9645,0,0.0251,0,0.002,0,0.8871,0.1776,0.099,51442,0.0069,0.0753,0.0301,0,0.1299,0,0,49.29,0,2,3,3,2,2,5.932749293,0,1,1,0,0,1,0,0,0,1,1,1,0,0,1,0,1,0,0,1,0,1,1,0,0,0,1,1,0,1,0,369
0.1252,0.661,0.2138,0.9518,0.0209,0.0052,0,0.0222,0,0.9167,0.1438,0.103,39276,0.0229,0.0823,0.005,0.0023,0.2868,0,0,0,0,1,3,2,2,1,0,0,1,1,0,0,1,0,0,0,1,1,1,0,0,1,0,1,0,0,1,0,1,1,0,0,0,1,1,0,1,0,114
0.2381,0.6119,0.1499,0.566,0.0005,0.0197,0.0091,0.3829,0,0.8802,0.1828,0.2175,45921,0.0697,0.0772,0.0096,0.0096,0.1941,0,0,0,0,4,5,5,4,5,0.7548042598659421,0,1,1,0,0,1,0,0,0,1,1,1,0,0,1,0,1,0,0,1,0,1,1,0,0,0,1,1,0,1,0,882
0.1456,0.5595,0.2948,0.8699,0.0022,0.0444,0.0075,0.0706,0,0.7882,0.1511,0.1877,41338,0.0592,0.1214,0.0859,0.0256,0.2094,0,0,0,0,2,3,2,3,2,0.1384564870820099,0,1,1,0,0,1,0,0,0,1,1,1,0,0,1,0,1,0,0,1,0,1,1,0,0,0,1,1,0,1,0,465
0.2732,0.5775,0.1493,0.3937,0,0.0533,0,0.5334,0,0.8353,0.14,0.4616,29471,0.0914,0.16,0,0,0.121,0,0,0,0,5,5,5,5,5,4.184385576848875,0,1,1,0,0,1,0,0,0,1,1,1,0,0,1,0,1,0,0,1,0,1,1,0,0,0,1,1,0,1,0,433
0.234,0.555,0.211,0.9482,0.0135,0.0222,0,0.0013,0,0.9018,0.2162,0.0991,48542,0.0416,0.1044,0.009,0.0074,0.1734,0,1,0,0,4,3,2,3,3,0.1138172856967543,0,1,1,0,0,1,0,0,0,1,1,1,0,0,1,0,1,0,0,1,0,1,1,0,0,0,1,1,0,1,0,462
0.1815,0.5939,0.2246,0.9467,0.0007,0.0159,0,0.0252,0,0.8923,0.1919,0.1353,45855,0.0402,0.1374,0,0.0439,0.2577,0,1,0,0,2,2,2,2,2,0.4673124405358848,0,1,1,0,0,1,0,0,0,1,1,1,0,0,1,0,1,0,0,1,0,1,1,0,0,0,1,1,0,1,0,557
0.1618,0.5564,0.2819,0.974,0,0.003,0.0013,0.0147,0,0.911,0.1998,0.106,47991,0.0085,0.1262,0.0552,0.0828,0.2561,0,0,0,0,2,2,2,1,1,-5.094946908,0,1,1,0,0,1,0,0,0,1,1,1,0,0,1,0,1,0,0,1,0,1,1,0,0,0,1,1,0,1,0,394
0.149,0.6488,0.2022,0.9587,0,0.0251,0.0021,0.0089,0,0.8978,0.1928,0.0864,51167,0.0292,0.0975,0.0694,0,0.169,0,0,0,0,3,1,3,3,3,-0.395010018,0,1,1,0,0,1,0,0,0,1,1,1,0,0,1,0,1,0,0,1,0,1,1,0,0,0,1,1,0,1,0,538
0.2065,0.6123,0.1812,0.8883,0,0.0246,0,0.0813,0,0.9084,0.2699,0.0716,60046,0.0134,0.0761,0.0308,0.325,0.188,0,0,0,0,2,1,2,3,2,0.011386497,0,1,1,0,0,1,0,0,0,1,1,1,0,0,1,0,1,0,0,1,0,1,1,0,0,0,1,1,0,1,0,701
0.2081,0.601,0.1909,0.9918,0,0.0021,0,0.0021,0,0.9167,0.2531,0.0437,59800,0.0066,0.0615,0.2305,0,0.2173,0,0,0,0,3,2,5,1,2,0,0,1,1,0,0,1,0,0,0,1,1,1,0,0,1,0,1,0,0,1,0,1,1,0,0,0,1,1,0,1,0,232
0.2896,0.6391,0.0713,0.2335,0,0.0082,0.0089,0.7363,0,0.8538,0.1555,0.3944,36552,0.2697,0.1136,0,0.0067,0.1704,0,0,0,0,5,5,3,3,4,4.852685908995568,0,1,1,0,0,1,0,0,0,1,1,1,0,0,1,0,1,0,0,1,0,1,1,0,0,0,1,1,0,1,0,707
0.1476,0.5907,0.2618,0.9694,0.0073,0.0063,0,0,0,0.773,0.0923,0.1653,39014,0.0604,0.1682,0,0.0444,0.2306,0,0,0,0,3,4,3,5,4,20.20946873992653,1,0,0,1,1,1,0,0,1,1,0,0,0,1,1,1,1,1,0,1,1,1,1,1,1,1,0,1,1,1,0,980
0.173,0.6079,0.219,0.8369,0.0073,0.127,0,0.012,0,0.8977,0.2311,0.0961,65000,0.016,0.0894,0.016,0.0955,0.1063,0,0,0,1,3,1,2,3,2,50.505050505050505,1,1,1,0,0,1,0,0,0,0,1,0,1,0,1,0,1,1,0,1,0,1,1,0,1,0,1,1,0,0,0,403
0.1728,0.5831,0.244,0.8664,0.0184,0.0835,0,0,0,0.8693,0.2659,0.1269,34382,0.0138,0.1348,0.0372,0.0311,0.1796,0,1,27.48,0,3,2,5,1,3,1.1650104233010268,1,1,1,0,0,1,0,0,0,0,1,0,1,0,1,0,1,1,0,1,0,1,1,0,1,0,1,1,0,0,0,626
0.2751,0.5315,0.1934,0.9355,0,0.0473,0,0.0158,0,0.9326,0.3652,0.0259,77569,0.0106,0.1506,0.0308,0,0.3199,0,0,0,0,1,4,3,2,2,0,1,1,1,0,0,1,0,0,0,0,1,0,1,0,1,0,1,1,0,1,0,1,1,0,1,0,1,1,0,0,0,151
0.1675,0.6148,0.2177,0.6274,0.0203,0.3122,0,0,0.0042,0.7748,0.2296,0.1448,40385,0.0586,0.0579,0.214,0,0.1257,0,0,0,0,2,3,2,5,3,78.98894154818325,1,1,1,0,0,1,0,0,0,0,1,0,1,0,1,0,1,1,0,1,0,1,1,0,1,0,1,1,0,0,0,299
0.2416,0.6149,0.1435,0.3794,0.0294,0.5682,0.0003,0.002,0,0.7003,0.0949,0.1958,38625,0.0703,0.16,0.2064,0,0.152,0,0,0,0,4,4,5,5,5,5.32865684,1,1,1,0,0,1,0,0,0,0,1,0,1,0,1,0,1,1,0,1,0,1,1,0,1,0,1,1,0,0,0,793
0.1586,0.5753,0.2661,0.7695,0.0081,0.21,0.0012,0.009,0,0.8535,0.2049,0.1724,41756,0.0426,0.0937,0.0109,0.0594,0.165,0,0,0,0,4,3,5,5,5,-0.565309021,1,1,1,0,0,1,0,0,0,0,1,0,1,0,1,0,1,1,0,1,0,1,1,0,1,0,1,1,0,0,0,638
0.2361,0.5874,0.1765,0.5828,0.0343,0.3278,0.001,0.0439,0,0.7704,0.1703,0.1968,40257,0.0488,0.1361,0.097,0,0.1543,0,0,0,0,3,4,4,4,4,0.9397722350110768,1,1,1,0,0,1,0,0,0,0,1,0,1,0,1,0,1,1,0,1,0,1,1,0,1,0,1,1,0,0,0,704
0.1936,0.5199,0.2865,0.5481,0.1506,0.2859,0,0.0006,0,0.7224,0.1618,0.2505,33750,0.1164,0.1275,0.0581,0.0156,0.1895,0,0,0,0,4,4,3,4,4,64.1025641,1,1,1,0,0,1,0,0,0,0,1,0,1,0,1,0,1,1,0,1,0,1,1,0,1,0,1,1,0,0,0,259
0.1986,0.6619,0.1395,0.3543,0.0036,0.6311,0,0,0,0.7368,0.1104,0.2268,50646,0.0277,0.0883,0.2238,0,0.2092,0,0,0,0,4,3,4,4,4,7.956356942928171,1,1,1,0,0,1,0,0,0,0,1,0,1,0,1,0,1,1,0,1,0,1,1,0,1,0,1,1,0,0,0,892
0.1802,0.6441,0.1757,0.1687,0.004,0.7809,0,0,0.0013,0.6488,0.0766,0.238,33981,0.0464,0.2459,0.0796,0,0.294,0,1,0,0,4,5,5,4,5,1.0019777035913506,1,1,1,0,0,1,0,0,0,0,1,0,1,0,1,0,1,1,0,1,0,1,1,0,1,0,1,1,0,0,0,547
0.1609,0.6156,0.2235,0.6746,0.0425,0.2794,0.0004,0.0022,0,0.7851,0.143,0.1895,42118,0.1176,0.215,0.0938,0,0.1814,0,0,0,0,1,4,4,3,3,19.032136103705767,1,1,1,0,0,1,0,0,0,0,1,0,1,0,1,0,1,1,0,1,0,1,1,0,1,0,1,1,0,0,0,523
0.152,0.6209,0.227,0.8212,0.0394,0.1035,0.0054,0.008,0.0006,0.8735,0.1652,0.1501,40560,0.0493,0.1168,0.0784,0,0.1291,0,0,0,0,4,4,4,4,4,2.0959607692036286,1,1,1,0,0,1,0,0,0,0,1,0,1,0,1,0,1,1,0,1,0,1,1,0,1,0,1,1,0,0,0,648
0.1366,0.5927,0.2707,0.4561,0.001,0.5424,0,0.0005,0,0.7507,0.2397,0.0774,39457,0.0391,0.1598,0.1092,0,0.2066,0,0,0,0,1,4,4,5,4,23.89677747263061,1,1,1,0,0,1,0,0,0,0,1,0,1,0,1,0,1,1,0,1,0,1,1,0,1,0,1,1,0,0,0,303
0.1679,0.5997,0.2324,0.6431,0.0356,0.3127,0.0036,0,0.001,0.8281,0.1844,0.1977,41531,0.0682,0.11,0.1692,0,0.172,0,0,25.99,0,4,3,4,5,4,0.8874391719843153,1,1,1,0,0,1,0,0,0,0,1,0,1,0,1,0,1,1,0,1,0,1,1,0,1,0,1,1,0,0,0,824
0.175,0.5341,0.2909,0.8167,0.0197,0.1636,0,0,0,0.8082,0.1604,0.0693,48068,0.0929,0.1952,0.0639,0,0.1929,0,0,0,0,2,3,3,5,3,0,1,1,1,0,0,1,0,0,0,0,1,0,1,0,1,0,1,1,0,1,0,1,1,0,1,0,1,1,0,0,0,268
0.1971,0.6704,0.1325,0.6273,0,0.3727,0,0,0,0.7515,0.2521,0.0527,62159,0.0272,0.0177,0.492,0,0.0944,0,0,0,0,2,3,4,1,2,0,1,1,1,0,0,1,0,0,0,0,1,0,1,0,1,0,1,1,0,1,0,1,1,0,1,0,1,1,0,0,0,351
0.1907,0.5803,0.229,0.5743,0.067,0.34,0.0047,0.0003,0,0.7212,0.1254,0.287,27244,0.0906,0.1534,0.1151,0.0063,0.1429,0,0,0,0,4,4,4,2,4,3.157055248466847,1,1,1,0,0,1,0,0,0,0,1,0,1,0,1,0,1,1,0,1,0,1,1,0,1,0,1,1,0,0,0,581
0.1943,0.6151,0.1905,0.6655,0.0815,0.2305,0.0035,0,0,0.7563,0.1348,0.1546,35156,0.0567,0.2339,0.0659,0,0.1604,1,2,0,0,4,2,4,4,4,2.731119381555392,1,1,1,0,0,1,0,0,0,0,1,0,1,0,1,0,1,1,0,1,0,1,1,0,1,0,1,1,0,0,0,866
0.2063,0.6334,0.1603,0.1876,0.0115,0.784,0.0129,0,0,0.5219,0.0748,0.3794,26635,0.0556,0.2513,0.1432,0,0.0908,0,0,0,1,4,4,5,4,4,1.3749707926801733,1,1,1,0,0,1,0,0,0,0,1,0,1,0,1,0,1,1,0,1,0,1,1,0,1,0,1,1,0,0,0,995
0.2244,0.6052,0.1704,0.7425,0,0.2324,0,0,0,0.9166,0.1566,0.1171,64100,0.0333,0.0664,0.5635,0,0.1092,0,0,0,1,3,3,2,4,3,64.30868167202573,1,1,1,0,0,1,0,0,0,0,1,0,1,0,1,0,1,1,0,1,0,1,1,0,1,0,1,1,0,0,0,262
0.1526,0.5322,0.3152,0.6209,0.0054,0.3588,0.0081,0.0032,0,0.8062,0.3842,0.0798,50174,0.0478,0.1409,0.28,0,0.0704,0,0,0,0,1,4,2,2,2,4.455691600197035,1,1,1,0,0,1,0,0,0,0,1,0,1,0,1,0,1,1,0,1,0,1,1,0,1,0,1,1,0,0,0,340
0.2437,0.5986,0.1577,0.2867,0,0.7115,0.0018,0,0,0.5759,0.1146,0.2276,24000,0,0.0949,0.2195,0,0.0536,0,0,0,0,2,1,2,4,2,0,1,1,1,0,0,1,0,0,0,0,1,0,1,0,1,0,1,1,0,1,0,1,1,0,1,0,1,1,0,0,0,142
0.1919,0.5232,0.2849,0.8171,0.0045,0.1739,0,0.0045,0,0.7831,0.239,0.1167,50625,0.0215,0.2271,0,0,0.0825,0,0,0,0,2,2,4,4,3,0,1,1,1,0,0,1,0,0,0,0,1,0,1,0,1,0,1,1,0,1,0,1,1,0,1,0,1,1,0,0,0,120
0.1302,0.5639,0.3059,0.7604,0.0002,0.2261,0,0.0025,0,0.8308,0.1698,0.1895,41263,0.0601,0.1408,0.0307,0.0872,0.1921,0,0,0,0,3,2,4,2,3,24.10900343962436,1,1,1,0,0,1,0,0,0,0,1,0,1,0,1,0,1,1,0,1,0,1,1,0,1,0,1,1,0,0,0,679
0.1642,0.7117,0.1241,0.7664,0,0.2336,0,0,0,0.8057,0.2322,0.0328,57083,0.0409,0.0326,0.0638,0,0,0,0,0,0,1,5,2,5,4,0,1,1,1,0,0,1,0,0,0,0,1,0,1,0,1,0,1,1,0,1,0,1,1,0,1,0,1,1,0,0,0,44
0.1688,0.6571,0.1741,0.374,0.0008,0.6252,0,0,0,0.6721,0.1322,0.2048,34398,0.1441,0.0693,0.0314,0,0.1743,0,0,0,0,4,4,4,5,5,3.311194055017541,1,1,1,0,0,1,0,0,0,0,1,0,1,0,1,0,1,1,0,1,0,1,1,0,1,0,1,1,0,0,0,970
0.2262,0.57,0.2038,0.6042,0.0649,0.3244,0.0005,0.0013,0.0003,0.8011,0.1833,0.1465,42188,0.0539,0.1481,0.2203,0,0.1998,0,0,26.27,0,3,3,4,3,3,3.2834252692408725,1,1,1,0,0,1,0,0,0,0,1,0,1,0,1,0,1,1,0,1,0,1,1,0,1,0,1,1,0,0,0,697
0.2244,0.6342,0.1414,0.6741,0.0037,0.2917,0.0037,0.008,0.0006,0.8014,0.1771,0.1036,60163,0.0576,0.107,0.1606,0,0.1687,0,0,0,0,3,4,3,3,3,3.353031715022308,1,1,1,0,0,1,0,0,0,0,1,0,1,0,1,0,1,1,0,1,0,1,1,0,1,0,1,1,0,0,0,869
0.0789,0.6711,0.25,0.7237,0,0.1579,0,0.0395,0,0.7463,0.0299,0.1644,56875,0,0.2157,0,0,0.0996,0,0,0,0,4,4,3,3,4,0,1,1,1,0,0,1,0,0,0,0,1,0,1,0,1,0,1,1,0,1,0,1,1,0,1,0,1,1,0,0,0,22
0.1997,0.5201,0.2802,0.5097,0,0.4814,0,0.0089,0,0.8143,0.1624,0.0879,57589,0.1515,0.1944,0.2543,0,0.231,0,0,0,0,1,5,3,2,3,0,1,1,1,0,0,1,0,0,0,0,1,0,1,0,1,0,1,1,0,1,0,1,1,0,1,0,1,1,0,0,0,207
0.1383,0.6011,0.2606,0.7156,0.0002,0.2493,0.0271,0.0032,0,0.8913,0.2365,0.1494,38496,0.0441,0.082,0.1233,0.0275,0.1858,0,0,0,0,1,1,2,2,1,0.7229814358311621,1,1,1,0,0,1,0,0,0,0,1,0,1,0,1,0,1,1,0,1,0,1,1,0,1,0,1,1,0,0,0,761
0.2071,0.5682,0.2247,0.5631,0.0125,0.3939,0,0.006,0,0.7889,0.1509,0.1342,37917,0.0836,0.1629,0.0409,0.0109,0.2118,0,0,0,0,3,2,3,3,3,4.247470712872612,1,1,1,0,0,1,0,0,0,0,1,0,1,0,1,0,1,1,0,1,0,1,1,0,1,0,1,1,0,0,0,475
0.2098,0.5202,0.27,0.8226,0.0031,0.1708,0.0006,0,0,0.8313,0.2277,0.1449,44375,0.0388,0.1577,0.0677,0.032,0.1927,0,1,0,0,3,2,3,4,3,23.71812224416494,1,1,1,0,0,1,0,0,0,0,1,0,1,0,1,0,1,1,0,1,0,1,1,0,1,0,1,1,0,0,0,685
0.1517,0.5411,0.3072,0.864,0.0029,0.1115,0,0,0,0.884,0.174,0.1551,35433,0.1004,0.172,0.1317,0.0038,0.2156,0,0,0,0,3,3,3,5,3,0,1,1,1,0,0,1,0,0,0,0,1,0,1,0,1,0,1,1,0,1,0,1,1,0,1,0,1,1,0,0,0,250
0.2305,0.6124,0.1571,0.7337,0.0517,0.1619,0.0014,0.0014,0,0.8482,0.2592,0.1324,52292,0.0551,0.1159,0.0399,0.1444,0.0825,0,0,0,1,3,3,2,4,3,-3.907827661,1,1,1,0,0,1,0,0,0,0,1,0,1,0,1,0,1,1,0,1,0,1,1,0,1,0,1,1,0,0,0,395
0.1443,0.5146,0.3411,0.8008,0.0015,0.1965,0.0003,0,0,0.8035,0.2316,0.1841,37059,0.0675,0.119,0.0381,0.0391,0.1522,0,0,0,0,1,4,5,3,3,5.194535348813052,1,1,1,0,0,1,0,0,0,0,1,0,1,0,1,0,1,1,0,1,0,1,1,0,1,0,1,1,0,0,0,512
0.2503,0.5836,0.1661,0.9585,0,0.0288,0.0043,0,0,0.9386,0.315,0.0181,72500,0.0251,0.1747,0.0947,0.0049,0.1273,0,0,0,0,2,1,1,4,2,0,1,1,1,0,0,1,0,0,0,0,1,0,1,0,1,0,1,1,0,1,0,1,1,0,1,0,1,1,0,0,0,172
0.2359,0.6108,0.1533,0.485,0.0025,0.5096,0.0022,0,0,0.7629,0.1912,0.1315,59766,0.0455,0.0958,0.1796,0.1019,0.1407,0,0,0,0,4,4,2,3,3,7.726083589999998,1,1,1,0,0,1,0,0,0,0,1,0,1,0,1,0,1,1,0,1,0,1,1,0,1,0,1,1,0,0,0,761
0.1992,0.6289,0.1718,0.8577,0.0015,0.115,0.0021,0,0,0.8447,0.2516,0.1847,50285,0.0493,0.1699,0.4363,0.0166,0.134,0,0,0,0,2,3,5,3,3,1.703213188228499,1,1,1,0,0,1,0,0,0,0,1,0,1,0,1,0,1,1,0,1,0,1,1,0,1,0,1,1,0,0,0,677
0.2157,0.6566,0.1277,0.5666,0.0046,0.4203,0,0.0065,0,0.7429,0.2158,0.1361,52969,0.01,0.1679,0.4034,0,0.1707,0,0,0,0,4,4,3,3,3,9.842910194642172,1,1,1,0,0,1,0,0,0,0,1,0,1,0,1,0,1,1,0,1,0,1,1,0,1,0,1,1,0,0,0,790
0.2425,0.6285,0.129,0.6099,0.0024,0.3771,0,0,0,0.8575,0.2371,0.1553,50156,0.0134,0.0818,0.2909,0.0342,0.1822,0,0,0,0,3,2,2,4,2,0,1,1,1,0,0,1,0,0,0,0,1,0,1,0,1,0,1,1,0,1,0,1,1,0,1,0,1,1,0,0,0,215
0.2157,0.5458,0.2384,0.7194,0.0438,0.2303,0,0,0,0.7946,0.1354,0.1886,47969,0.0692,0.1935,0.1642,0.0544,0.1095,0,0,0,0,1,3,4,1,2,0,1,1,1,0,0,1,0,0,0,0,1,0,1,0,1,0,1,1,0,1,0,1,1,0,1,0,1,1,0,0,0,185
0.1157,0.5643,0.3201,0.2866,0.0129,0.6967,0,0.0039,0,0.7639,0.1698,0.2494,24821,0.0506,0.0692,0.0317,0.0175,0.108,0,0,0,0,3,4,5,5,5,0,1,1,1,0,0,1,0,0,0,0,1,0,1,0,1,0,1,1,0,1,0,1,1,0,1,0,1,1,0,0,0,201
0.1257,0.5947,0.2796,0.8105,0.0033,0.1513,0.0053,0,0,0.8057,0.1988,0.1334,39438,0.0313,0.1376,0.193,0,0.1696,0,0,0,0,2,3,4,2,3,70.12622720897616,1,1,1,0,0,1,0,0,0,0,1,0,1,0,1,0,1,1,0,1,0,1,1,0,1,0,1,1,0,0,0,292
0.261,0.6017,0.1373,0.4167,0.0469,0.5246,0.0026,0.0009,0,0.7537,0.099,0.2036,48220,0.0448,0.1058,0.3138,0.047,0.2193,0,0,0,0,4,5,3,2,4,1.1631413432128568,1,1,1,0,0,1,0,0,0,0,1,0,1,0,1,0,1,1,0,1,0,1,1,0,1,0,1,1,0,0,0,874
0.1691,0.6285,0.2024,0.9587,0,0.024,0,0.008,0,0.9509,0.1453,0.0477,75938,0.0493,0.0239,0,0.0216,0.1088,0,0,0,0,3,2,2,1,2,0,0,0,0,0,0,0,0,0,1,1,0,0,1,0,0,0,1,0,0,1,0,0,0,1,1,0,0,0,1,1,0,111
0.1856,0.5498,0.2647,0.9521,0.0005,0.0436,0,0.0011,0,0.8301,0.2072,0.1668,37112,0.0379,0.1944,0,0,0.1391,0,0,0,0,5,4,3,4,4,55.27915976,0,0,0,0,0,0,0,0,1,1,0,0,1,0,0,0,1,0,0,1,0,0,0,1,1,0,0,0,1,1,0,421
0.2828,0.5578,0.1594,0.8993,0.0009,0.0819,0,0,0,0.9609,0.2041,0.1579,52569,0.0556,0.1575,0.0261,0.038,0.1099,1,1,0,0,3,2,1,1,1,-3.894524403,0,0,0,0,0,0,0,0,1,1,0,0,1,0,0,0,1,0,0,1,0,0,0,1,1,0,0,0,1,1,0,441
0.2283,0.5847,0.187,0.923,0.0041,0.0504,0.0088,0.0041,0.007,0.9206,0.2912,0.1368,41684,0.019,0.0861,0.0289,0.1195,0.1667,0,1,73.64,0,2,2,2,3,2,3.1811487481590603,0,0,0,0,0,0,0,0,1,1,0,0,1,0,0,0,1,0,0,1,0,0,0,1,1,0,0,0,1,1,0,606
0.1215,0.5179,0.3605,0.9955,0,0,0,0.0018,0,0.8408,0.2241,0.1256,44877,0.0131,0.1468,0.053,0.0818,0.1184,0,0,0,0,1,1,2,2,1,0.020118012,0,0,0,1,0,0,0,0,1,1,0,1,0,1,0,1,1,1,0,1,1,0,0,1,0,1,0,0,1,0,0,345
0.0567,0.8013,0.142,0.8054,0.09,0.0418,0.0395,0,0,0.8504,0.4489,0.184,34464,0.0393,0.0702,0,0.0115,0.0905,0,0,14.21,0,1,4,1,2,2,-0.979104658,0,0,0,1,0,0,0,0,1,1,0,1,0,1,0,1,1,1,0,1,1,0,0,1,0,1,0,0,1,0,0,696
0.1473,0.587,0.2657,0.8791,0.0038,0.068,0.0118,0.0045,0.0073,0.8993,0.2541,0.1483,42083,0.0899,0.1329,0.1214,0.0569,0.1127,1,1,25.18,1,2,2,2,3,2,0.012689631,1,1,1,0,1,1,1,1,1,1,0,1,1,1,1,1,0,0,1,1,1,1,1,1,1,1,0,1,1,0,1,820
0.1959,0.5796,0.2246,0.9225,0,0.0332,0.0085,0.0031,0,0.9642,0.242,0.1133,51395,0.0441,0.1739,0.0173,0.0066,0.199,1,1,0,0,1,3,1,2,2,-0.924793073,1,1,1,0,1,1,1,1,1,1,0,1,1,1,1,1,0,0,1,1,1,1,1,1,1,1,0,1,1,0,1,500
0.1207,0.566,0.3133,0.8968,0.0012,0.0464,0.0193,0.021,0.0002,0.9313,0.1507,0.1412,48116,0.0697,0.225,0.2081,0.0726,0.0816,1,1,24.69,0,3,1,3,3,3,-1.817666278,1,1,1,0,1,1,1,1,1,1,0,1,1,1,1,1,0,0,1,1,1,1,1,1,1,1,0,1,1,0,1,604
0.1292,0.6167,0.2541,0.9828,0.0025,0.0103,0,0.0013,0,0.9284,0.175,0.0801,46595,0.0759,0.1442,0.0105,0.0231,0.1028,0,0,0,0,3,1,2,4,3,21.682102000560207,0,0,0,0,1,0,0,0,1,0,0,1,1,1,0,1,1,0,0,0,1,0,0,1,1,1,0,0,1,1,0,769
0.2672,0.6067,0.1261,0.0909,0.0031,0.057,0.0211,0.8106,0,0.8931,0.1647,0.3313,37147,0.11,0.1459,0,0,0.0154,1,1,0,0,4,5,4,5,5,0.7222532889284388,0,0,0,0,1,0,0,0,1,0,0,1,1,1,0,1,1,0,0,0,1,0,0,1,1,1,0,0,1,1,0,972
0.1485,0.6689,0.1825,0.8951,0.0012,0.0424,0.0052,0.0336,0,0.8895,0.1899,0.1364,40640,0.0046,0.1714,0.039,0.0178,0.1566,1,0,40.03,0,2,4,3,1,2,0.1932358441995205,0,0,0,0,0,0,0,0,0,0,0,0,0,0,0,0,1,0,0,0,0,0,0,0,0,0,0,0,0,0,0,604
